Filename;track type;Acc.%,Error 0;Error 1;Error 2;Error 3;TP;FP;FN;TN;Precision;Recall;F-measure
Romanticism_Romanticism_Rossini_barber-overture.mid (1, 0, 0, 0)
XXCentury_XX-Nationalism_Knipper_cavalry.mid (1, 0, 0, 0)
Renaissance_Renaissance-Late_Victoria_Pro_Victoria-6-Agnus_Dei-1t.mid (0, 1, 0, 0)
mozart15.mid (1, 0, 0, 0)
Medieval_ArsNova_Machau_machaut-b39.mid (1, 0, 0, 0)
arias_kv340a.mid (1, 0, 0, 0)
Renaissance_Renaissance-Late_Victoria_Magi_Viderunt_Stellam-s.mid (1, 0, 0, 0)
Giuseppe_Giordani_Caro_Mio_Ben_b.mid (0, 1, 0, 0)
SV06_Lauda_Jerusalem_b.mid (0, 1, 0, 0)
Romanticism_Post-romanticism_Rachmaninoff_symph_no1_op25_mov3.mid (1, 0, 0, 0)
vivldi06.mid (1, 0, 0, 0)
Romanticism_Romantic-Nationalism_Mussorgsky_pictures-promenade.mid (0, 1, 0, 0)
Romanticism_Romanticism_Mendelssohn_4403precm.mid (1, 0, 0, 0)
Romanticism_Romanticism_Chopin_prelude03.mid (0, 0, 0, 1)
mozk219c.mid (0, 1, 0, 0)
WAMJOKE3.mid (1, 0, 0, 0)
moz_req.mid (0, 0, 0, 1)
Renaissance_Renaissance-Late_Victoria_SV02-Confitebor_Tibi.mid (1, 0, 0, 0)
FW156.mid (0, 0, 0, 1)
Baroque_Baroque-Late_Bach_ZZBACH1.mid (1, 0, 0, 0)
Classicism_Classicism_Haydn_hay70_4.mid (1, 0, 0, 0)
gabrieli_in_ecclesiis.mid (0, 1, 0, 0)
Renaissance_Renaissance-Late_Victoria_Iste_Sanctus-c.mid (1, 0, 0, 0)
Dixit_Dominus_bis_bis_b.mid (1, 0, 0, 0)
Classicism_Classicism_Mozart_2249phantasiereg.mid (0, 0, 0, 1)
XXCentury_Impressionism_Debussy_debussy_tambourin.mid (1, 0, 0, 0)
OD_08_Communio_1s.mid (1, 0, 0, 0)
Romanticism_Romanticism_Alkan_AESOPE.mid (0, 0, 0, 1)
Romanticism_Romantic-Nationalism_Grieg_991gpanita.mid (1, 0, 0, 0)
Romanticism_Romanticism_Beethoven_Symphonie7_Opus92_Mvt1-cvikl.mid (1, 0, 0, 0)
Classicism_Classicism_Mozart_Symphony35-41-012-k504_2.mid (1, 0, 0, 0)
Romanticism_Romanticism_Schubert_First_Waltzes_D.365_Op.9.mid (1, 0, 0, 0)
Requiem_a_4_voces_05_Sanctus_y_Benedictus_b.mid (0, 1, 0, 0)
Romanticism_Romanticism_Bizet_TOREADOR.mid (1, 0, 0, 0)
arias_kv468.mid (0, 0, 1, 0)
Capriccio_h_moll_op.76_Nr.2.mid (0, 0, 0, 1)
Medieval_ArsNova_Caserta_Anthonello_antho27.mid (1, 0, 0, 0)
Baroque_Baroque-Late_Bach_bakson61.mid (1, 0, 0, 0)
Baroque_Baroque-Late_Bach_ARTFUG11.mid (1, 0, 0, 0)
Romanticism_Post-romanticism_Messager_2595mirette04.mid (0, 0, 0, 1)
Renaissance_Renaissance-Late_Victoria_De_Beata_Maria-6-Agnus_Dei.mid (1, 0, 0, 0)
Renaissance_Renaissance-Late_Victoria_Quam_Pulchri_Sunt-2-Gloria-c.mid (0, 0, 1, 0)
XXCentury_Neoclassicism_Prokofiev_fugitive_visions_no20.mid (0, 0, 0, 1)
Renaissance_Renaissance-Late_Victoria_O_Magnum_Mysterium-2-Gloria-c.mid (1, 0, 0, 0)
Romanticism_Romanticism_Chopin_19_Polish_Songs_for_Voice_and_Piano_Op74_19.Reverie.mid (0, 0, 0, 1)
XXCentury_XX-Nationalism_Khachaturian_gayane_lezqhink.mid (1, 0, 0, 0)
Baroque_Baroque-Late_Bach_Violin_Concerto_in_E_Mov._1.mid (1, 0, 0, 0)
Renaissance_Renaissance-Late_Praetorius_vom_gimmel_och_da_komm_ich_her.mid (1, 0, 0, 0)
Baroque_Baroque-Middle_Lully_7_lste_m.mid (0, 1, 0, 0)
1731fantasia2.mid (1, 0, 0, 0)
Renaissance_Renaissance-Late_Victoria_Magnificat_Quarti_Toni-impares-1c.mid (1, 0, 0, 0)
Binchois12.mid (0, 1, 0, 0)
Romanticism_Romantic-Nationalism_Mussorgsky_01promen.mid (0, 1, 0, 0)
moz_fm3.mid (0, 1, 0, 0)
english_the_shepherds_hey.mid (0, 1, 0, 0)
582zimarra.mid (0, 0, 0, 1)
Baroque_Baroque-Middle_Rosenmuller_47padal_m.mid (1, 0, 0, 0)
Romanticism_Romanticism_Chopin_chop25e9.mid (0, 0, 0, 1)
March_In_D.mid (0, 1, 0, 0)
Romanticism_Romanticism_Chopin_Krakowiak_Op14.mid (0, 0, 1, 0)
Renaissance_Renaissance-Early_Ockeghem_ockeghem-ma_bouche.mid (1, 0, 0, 0)
Renaissance_Renaissance-Late_Victoria_O_Magnum_Mysterium-2-Gloria-s.mid (1, 0, 0, 0)
clementi_sonatina_no4parta.mid (0, 0, 0, 1)
bdanube.mid (0, 0, 1, 0)
Renaissance_Renaissance-Late_Victoria_Dum_Complerentur-1-Kyrie-s.mid (1, 0, 0, 0)
Nunc_Dimittis_b.mid (0, 1, 0, 0)
Renaissance_Renaissance-Late_Victoria_Ave_Maris_Stella-1-Kyrie.mid (1, 0, 0, 0)
br_hung5.mid (1, 0, 0, 0)
Renaissance_Renaissance-Late_Victoria_Dum_Complerentur-6-Agnus_Dei-2t.mid (1, 0, 0, 0)
XXCentury_XX-Nationalism_Gershwin_2131prgybess.mid (0, 0, 1, 0)
Romanticism_Romanticism_Gounod_GP_6_FAU.mid (1, 0, 0, 0)
Falsobordon_4_1t.mid (1, 0, 0, 0)
Medieval_ArsNova_Machau_machaut-b17.mid (1, 0, 0, 0)
Romanticism_Romantic-Nationalism_Dvorak_17ad055.mid (0, 0, 0, 1)
XXCentury_Impressionism_Debussy_011_childr_4.mid (1, 0, 0, 0)
Renaissance_Renaissance-Late_Victoria_Ave_Maria-a_8-2b.mid (1, 0, 0, 0)
mozk74a5.mid (0, 1, 0, 0)
Romanticism_Romanticism_Brahms_JBSCHFAE.mid (0, 0, 0, 1)
mozart_e.mid (1, 0, 0, 0)
Romanticism_Romantic-Nationalism_Arensky_14arenskiy.mid (0, 0, 0, 1)
Romanticism_Romanticism_Chopin_chord42.mid (0, 0, 0, 1)
silver_swanne.mid (1, 0, 0, 0)
arias_kv308.mid (0, 0, 1, 0)
1913absent.mid (0, 0, 0, 1)
Baroque_Baroque-Late_Bach_invent1.mid (0, 0, 1, 0)
Renaissance_Renaissance-Late_Victoria_Vidi_Speciosam-a_8-1t.mid (0, 1, 0, 0)
mozk218c.mid (0, 0, 1, 0)
Classicism_Classicism_Haydn_hydn65_4.mid (1, 0, 0, 0)
kodaly37.mid (0, 1, 0, 0)
Baroque_Baroque-Middle_Uccellini_34op8sy_m.mid (1, 0, 0, 0)
Baroque_Baroque-Late_Bach_3PART_04.mid (0, 1, 0, 0)
XXCentury_Misc_Grainger_childrensmarch.mid (0, 0, 0, 1)
Romanticism_Post-romanticism_Rachmaninoff_RACH1_1.mid (0, 0, 0, 1)
BR_120B2.mid (0, 0, 0, 1)
Renaissance_Renaissance-Late_Anonymous_pippers_fancy.mid (0, 0, 0, 1)
Medieval_ArsNova_Machau_machaut-b16.mid (1, 0, 0, 0)
1364brawaltz10.mid (0, 0, 0, 1)
Laetatus_Sum_4_Sanctus_y_Benedictus_1b.mid (1, 0, 0, 0)
mozart_v.mid (0, 0, 0, 1)
Tosca_Di_G.Puccini_Recondita_Armonia.mid (0, 0, 0, 1)
Baroque_Baroque-Late_Bach_anna-04.mid (0, 1, 0, 0)
sonata_in_c_1_3.mid (0, 1, 0, 0)
XXCentury_Misc_Balasanyan_balasanyan-round_dance.mid (1, 0, 0, 0)
Romanticism_Romanticism_Gounod_GP_4_FAU.mid (1, 0, 0, 0)
Renaissance_Renaissance-Late_Victoria_Dum_Complerentur-4-Sanctus-b.mid (0, 1, 0, 0)
Baroque_Baroque-Late_Bach_PASCFUG.mid (1, 0, 0, 0)
Renaissance_Renaissance-Late_Monteverdi_monteverdi_lamento_a1.mid (1, 0, 0, 0)
Giuseppe_Giordani_Caro_Mio_Ben.mid (0, 0, 0, 1)
s18.mid (1, 0, 0, 0)
Romanticism_Romanticism_Beethoven_3rdSymph_2NDMOV.mid (1, 0, 0, 0)
requiem.mid (1, 0, 0, 0)
Baroque_Baroque-Late_Haendel_handms12.mid (1, 0, 0, 0)
arias_kv367.mid (1, 0, 0, 0)
Baroque_Baroque-Late_Bach_2PART_04.mid (0, 1, 0, 0)
TR17_Aestimatus_Sum_1b.mid (1, 0, 0, 0)
Classicism_Classicism_Haydn_sonata_piano_no52_en_Eb_joseph_haydn.mid (0, 0, 0, 1)
XXCentury_XX-Nationalism_Janacek_JANSINF5.mid (0, 1, 0, 0)
bransle_gay_VI.mid (1, 0, 0, 0)
XXCentury_XX-Nationalism_Orff_Orff-Carmina_Burana-werwelmi.mid (1, 0, 0, 0)
Romanticism_Romantic-Nationalism_Dvorak_684dvop221.mid (1, 0, 0, 0)
Romanticism_Romanticism_Beethoven_Sonate12_Opus26.mid (1, 0, 0, 0)
baile_hungaro_6_joha#29F64E.mid (0, 0, 0, 1)
Renaissance_Renaissance-Late_Victoria_LJbis9-Incipit_Oratio_Jeremiae-1t.mid (1, 0, 0, 0)
Romanticism_Romantic-Nationalism_Tchaikovsky_Tchaikovsky-Nutcracker-ChineseDance.mid (0, 1, 0, 0)
handel05.mid (1, 0, 0, 0)
Baroque_Baroque-Late_Bach_branden4.mid (1, 0, 0, 0)
Baroque_Baroque-Late_Bach_bjs83106.mid (1, 0, 0, 0)
Don_Giovanni_By_W.A.Mozart_La_Ci_Darem_La_Mano.mid (0, 0, 0, 1)
Classicism_Classicism_Hummel_2284lagalantreg.mid (0, 0, 0, 1)
Baroque_Baroque-Late_Pachelbel_pachelbel-canon_piano.mid (1, 0, 0, 0)
Romanticism_Romanticism_Beethoven_2212bagat6reg.mid (0, 0, 0, 1)
Classicism_Classicism_Mozart_Symphony35-41-011-k425_2.mid (1, 0, 0, 0)
Renaissance_Renaissance-Late_Victoria_Ave_Regina-2-Gloria.mid (1, 0, 0, 0)
Romanticism_Romanticism_Schumann_Short_Piano_Hide_and_Seek.mid (0, 1, 0, 0)
handel04.mid (1, 0, 0, 0)
Romanticism_Romanticism_Schubert_Divertissement_Hongroise_D.818_Op.54_1.Andante.mid (1, 0, 0, 0)
Renaissance_Renaissance-Late_Victoria_Quam_Pulchri_Sunt-3-Credo-b.mid (1, 0, 0, 0)
Classicism_Classicism_Mozart_WAMJOKE2.mid (1, 0, 0, 0)
Classicism_Classicism_Mozart_Symphony35-41-011-mok425m2.mid (1, 0, 0, 0)
XXCentury_XX-Nationalism_Vaughan_Williams_WilliamsV_FantasiaTallis.mid (1, 0, 0, 0)
Renaissance_Renaissance-Late_Victoria_OD-10-Libera_Me-c.mid (1, 0, 0, 0)
Renaissance_Renaissance-Late_Dowland_dowland_if_my_complaints.mid (1, 0, 0, 0)
Ave_Maria_Palestrina.mid (1, 0, 0, 0)
Baroque_Baroque-Late_Bach_3PART_06.mid (1, 0, 0, 0)
Renaissance_Renaissance-Late_Praetorius_pragav2.mid (1, 0, 0, 0)
Renaissance_Renaissance-Late_Victoria_Jesu_Nostra_Redemptio-c.mid (1, 0, 0, 0)
Renaissance_Renaissance-Late_Victoria_Dum_Complerentur-5-Benedictus-2c.mid (1, 0, 0, 0)
handel06.mid (1, 0, 0, 0)
Renaissance_Renaissance-Late_Palestrina_palestrina_canticum_canticorum_03.mid (1, 0, 0, 0)
Baroque_Baroque-Late_Haendel_Handel_WaterBouree.mid (1, 0, 0, 0)
Romanticism_Romanticism_Schubert_Six_Moments_Musicaux_D.780_Op.94_No.3_in_Fm_3.mid (1, 0, 0, 0)
Renaissance_Renaissance-Late_Victoria_Alma_Redemptoris-3-Credo-2c.mid (1, 0, 0, 0)
mozart_requiem_07_lacrymosa.mid (0, 1, 0, 0)
Renaissance_Renaissance-Late_Victoria_Pro_Victoria-1-Kyrie-2b.mid (1, 0, 0, 0)
Romanticism_Romantic-Nationalism_Breton_547tbeapolo.mid (1, 0, 0, 0)
watermk.mid (1, 0, 0, 0)
Ne_Timeas_Maria_b.mid (0, 1, 0, 0)
Classicism_Classicism_Mozart_Symphony35-41-011-k385_3.mid (1, 0, 0, 0)
Renaissance_Renaissance-Late_Victoria_LJbis8-Aleph_Quomodo_Obscuratum-2s.mid (1, 0, 0, 0)
Baroque_Baroque-Late_Bach_bjsmag7.mid (1, 0, 0, 0)
Baroque_Baroque-Late_Vivaldi_gp_v07.mid (0, 1, 0, 0)
Renaissance_Renaissance-Late_Victoria_Ecce_Dominus_Veniet-s.mid (1, 0, 0, 0)
Renaissance_Renaissance-Late_Victoria_Pasion_San_Mateo.mid (1, 0, 0, 0)
Renaissance_Renaissance-Late_Victoria_Ecce_Sacerdos_Magnus-c.mid (1, 0, 0, 0)
mozart_requiem_10_sanctus.mid (0, 1, 0, 0)
Baroque_Baroque-Middle_Rosenmuller_0815studm_m.mid (1, 0, 0, 0)
Renaissance_Renaissance-Early_Anonymous_this_day_thaws.mid (1, 0, 0, 0)
erlking.mid (0, 1, 0, 0)
Baroque_Baroque-Late_Bach_wtc1242.mid (1, 0, 0, 0)
rusong18.mid (1, 0, 0, 0)
Romanticism_Romanticism_Schumann_Zigeunerleben_Op.29_No.3.mid (0, 1, 0, 0)
Renaissance_Renaissance-Late_Victoria_OD-10-Libera_Me-2s.mid (1, 0, 0, 0)
Renaissance_Renaissance-Late_Victoria_Falsobordon-1-2t.mid (1, 0, 0, 0)
Renaissance_Renaissance-Late_Victoria_Victimae_Paschale.mid (1, 0, 0, 0)
Renaissance_Renaissance-Early_Dufay_duFay-adieu_vins_lan.mid (1, 0, 0, 0)
Renaissance_Renaissance-Late_Victoria_LJ2-Vau_Et_Egressus_Est-b.mid (1, 0, 0, 0)
bruop46b.mid (0, 0, 0, 1)
vdg5_rvn.mid (1, 0, 0, 0)
MozartNo10.mid (1, 0, 0, 0)
bach02.mid (1, 0, 0, 0)
Romanticism_Romanticism_Schubert_avemaria_R1.mid (1, 0, 0, 0)
vom_gimmel_och_da_komm_ich_her.mid (1, 0, 0, 0)
Romanticism_Romanticism_Beethoven_PATHETM1.mid (0, 0, 0, 1)
Le_Nozze_Di_Figaro_Di_W.A.Mozart_Porgi_Amor.mid (1, 0, 0, 0)
Baroque_Baroque-Late_Bach_ARIA_R2.mid (1, 0, 0, 0)
Romanticism_Romanticism_Chopin_Valse_in_Db_Op.64_No1_La_Valse_Minute_7.mid (0, 0, 0, 1)
Baroque_Baroque-Late_Bach_WTCPRE18.mid (0, 0, 0, 1)
XXCentury_Impressionism_Ravel_ravel-wind_quintet.mid (1, 0, 0, 0)
victoria_salve_regina.mid (1, 0, 0, 0)
Classicism_Classicism_Mozart_mz_quarc.mid (1, 0, 0, 0)
Renaissance_Renaissance-Late_Victoria_Laetatus_Sum-1-Kyrie-4s.mid (1, 0, 0, 0)
mozart18.mid (1, 0, 0, 0)
Baroque_Baroque-Middle_Rosenmuller_01studm_m.mid (1, 0, 0, 0)
Romanticism_Romanticism_Bizet_570thetop.mid (0, 0, 0, 1)
Baroque_Baroque-Late_Bach_WT1_X4B.mid (0, 1, 0, 0)
Renaissance_Renaissance-Late_Victoria_Magnificat_Primi_Toni-impares-1t.mid (1, 0, 0, 0)
burgundian.mid (1, 0, 0, 0)
Classicism_Classicism_Haydn_haydn_-9.mid (0, 0, 0, 1)
pavane_for_shawm_band.mid (0, 1, 0, 0)
843guitar.mid (1, 0, 0, 0)
arias_kv523.mid (1, 0, 0, 0)
Renaissance_Renaissance-Late_Victoria_Cum_Beatus_Ignatius-1s.mid (1, 0, 0, 0)
Beethoven_Symphony_#5.MID (0, 1, 0, 0)
Renaissance_Renaissance-Late_Victoria_O_Quam_Gloriosum-5-Benedictus-s.mid (1, 0, 0, 0)
Renaissance_Renaissance-Late_Victoria_Estote_Fortes_In_Bello-t.mid (1, 0, 0, 0)
XXCentury_Impressionism_Debussy_debussy-prelude_2livre_18.mid (1, 0, 0, 0)
Renaissance_Renaissance-Late_Byrd_FW061.mid (0, 0, 0, 1)
Renaissance_Renaissance-Late_Victoria_OD-08-Communio.mid (1, 0, 0, 0)
clementi_sonatina_gradus_65.mid (0, 1, 0, 0)
Vexilla_Regis_b.mid (0, 1, 0, 0)
Renaissance_Renaissance-Late_Victoria_Hic_Vir_Despiciens_Mundum-s.mid (1, 0, 0, 0)
Renaissance_Renaissance-Late_Victoria_Magi_Viderunt_Stellam.mid (1, 0, 0, 0)
Romanticism_Romanticism_Schumann_Short_Piano_In_a_Gondola.mid (0, 0, 0, 1)
Renaissance_Renaissance-Late_Victoria_Ave_Maria-a_8-2c.mid (1, 0, 0, 0)
baile_hungaro_7_joha#29F64F.mid (0, 0, 0, 1)
mozart_lieder_dans_un_bois_solitaire.mid (0, 1, 0, 0)
Baroque_Baroque-Late_Pachelbel_Pachelbel_Johann_Canon_Cello_Piano_Version.mid (1, 0, 0, 0)
triste_espana_sin_ventura.mid (1, 0, 0, 0)
burns_ye_banks_and_braes.mid (0, 1, 0, 0)
Romanticism_Post-romanticism_Scriabin_prelude_op13_no6.mid (0, 0, 0, 1)
67.mid (0, 0, 0, 1)
Romanticism_Romanticism_Strauss_Johann_rad.mid (1, 0, 0, 0)
Renaissance_Renaissance-Late_Morley_morley_lady_those_eyes.mid (1, 0, 0, 0)
1365brawaltz15.mid (0, 0, 0, 1)
Renaissance_Renaissance-Late_Victoria_Domine_In_Virtute_Tua-1b.mid (0, 1, 0, 0)
Classicism_Classicism_Selby_selby-voluntary_viii.mid (0, 1, 0, 0)
Renaissance_Renaissance-Late_Victoria_SV02-Confitebor_Tibi-b.mid (0, 1, 0, 0)
Romanticism_Romanticism_Brahms_hun7.mid (0, 0, 0, 1)
Victoria_Apocrifo_Date_Ei_De_Fructu_b.mid (1, 0, 0, 0)
romantic_gianni_schicchi.mid (0, 0, 0, 1)
Baroque_Baroque-Late_Haendel_Mes05.mid (1, 0, 0, 0)
Simile_Est_Regnum_Coelorum_6_Agnus_Dei_1b.mid (0, 1, 0, 0)
Baroque_Baroque-Late_Bach_prelud21.mid (0, 0, 0, 1)
tallis_pour_forth_thy_spirit.mid (1, 0, 0, 0)
O_Regem_Caeli_1s.mid (0, 1, 0, 0)
LJbis9_Incipit_Oratio_Jeremiae_1b.mid (0, 1, 0, 0)
Classicism_Classicism_Mozart_mozc3.mid (0, 0, 1, 0)
XXCentury_Neoclassicism_Prokofiev_piano_conc_no3_op26_mov1.mid (1, 0, 0, 0)
1886sonatin36n3reg.mid (0, 0, 0, 1)
Quicumque_Christum_Quaeritis_b.mid (0, 1, 0, 0)
DUETK487.mid (0, 1, 0, 0)
TR09_Animam_Meam_Dilectam_b.mid (0, 1, 0, 0)
Baroque_Baroque-Late_Bach_WTCFUG03.mid (0, 1, 0, 0)
Classicism_Classicism_Mozart_Symphony35-41-8-moz550_3.mid (1, 0, 0, 0)
Renaissance_Renaissance-Late_Victoria_Gaudeamus-5-Benedictus-1s.mid (1, 0, 0, 0)
arias_kv476.mid (0, 0, 1, 0)
Merry_Widow_Waltz_F._Leha.MID (1, 0, 0, 0)
Renaissance_Renaissance-Late_Victoria_Ascendens_Christus_In_Altum-6-Agnus_Dei-c.mid (1, 0, 0, 0)
Rossini_TheBarberOfSevilleLargoAlFactotumAria.mid (0, 0, 0, 1)
XXCentury_XX-Nationalism_Villalobos_suite_floral_no2.mid (1, 0, 0, 0)
palestrina_canticum_canticorum_04.mid (1, 0, 0, 0)
Misa_Quarti_Toni_1_Kyrie.mid (1, 0, 0, 0)
XXCentury_XX-Nationalism_Villalobos_196.mid (0, 0, 0, 1)
Baroque_Baroque-Late_Marcello_B.Marcello_Corale.mid (0, 0, 1, 0)
1410tinyhand.mid (1, 0, 0, 0)
Renaissance_Renaissance-Late_Victoria_Trahe_Me_Post_Te-6-Agnus_Dei-2t.mid (1, 0, 0, 0)
Baroque_Baroque-Late_Pachelbel_Canone_by_max22861.mid (1, 0, 0, 0)
Baroque_Baroque-Late_Bach_air_g.mid (1, 0, 0, 0)
Baroque_Baroque-Late_Bach_2PART_01.mid (0, 0, 0, 1)
Baroque_Baroque-Late_Haendel_Mes39.mid (1, 0, 0, 0)
Baroque_Baroque-Late_Bach_3PART_13.mid (0, 1, 0, 0)
arias_kv552.mid (0, 0, 0, 1)
pagni03.mid (1, 0, 0, 0)
Renaissance_Renaissance-Late_Victoria_Pro_Victoria-6-Agnus_Dei-3s.mid (0, 1, 0, 0)
spagnoletta_xxvii.mid (1, 0, 0, 0)
Renaissance_Renaissance-Late_Victoria_Victoria_Apocrifo-Jesu_Dulcis_Memoria-t.mid (1, 0, 0, 0)
Baroque_Baroque-Late_Pachelbel_Pachelbel_Canon_piano_solo.mid (1, 0, 0, 0)
XXCentury_Neoclassicism_Stravinsky_stravin3.mid (0, 0, 1, 0)
Romanticism_Romanticism_Beethoven_B9-1-MAA.mid (1, 0, 0, 0)
BR_120A1.mid (0, 0, 0, 1)
danube.mid (0, 1, 0, 0)
Romanticism_Romanticism_Rossini_WTELLCEN.mid (0, 1, 0, 0)
Renaissance_Renaissance-Late_Victoria_Victoria_Apocrifo-Ave_Maria.mid (1, 0, 0, 0)
Baroque_Baroque-Early_Marini_op22_2ballet_m.mid (1, 0, 0, 0)
bruop46c.mid (0, 0, 0, 1)
Romanticism_Romanticism_Brahms_BR-120B2.mid (0, 0, 0, 1)
mozk74a2.mid (0, 1, 0, 0)
mozk219c1.mid (0, 0, 1, 0)
arias_kv391.mid (0, 0, 0, 1)
Romanticism_Romanticism_Carulli_262car_ante.mid (0, 1, 0, 0)
Baroque_Baroque-Late_Bach_f09emaj.mid (0, 1, 0, 0)
Renaissance_Renaissance-Late_Victoria_O_Magnum_Mysterium-3-Credo-t.mid (1, 0, 0, 0)
Baroque_Baroque-Middle_Rosenmuller_06padal_m.mid (1, 0, 0, 0)
XXCentury_Neoclassicism_Hindemith_Symph_metamorphosis_mov3.mid (0, 1, 0, 0)
Romanticism_Romanticism_Chopin_817revetude.mid (0, 0, 0, 1)
Baroque_Baroque-Late_Corelli_Corelli_Pastorale_dal_Concerto_per_la_notte_di_Natale.mid (1, 0, 0, 0)
Classicism_Classicism_Mozart_mozart_kv346.mid (1, 0, 0, 0)
Romanticism_Romanticism_Beethoven_2323andantereg.mid (0, 0, 0, 1)
Romanticism_Romanticism_Heller_2081melody5reg.mid (0, 0, 0, 1)
Renaissance_Renaissance-Late_Victoria_Gaudeamus-6-Agnus_Dei-2t.mid (1, 0, 0, 0)
pagni01.mid (0, 0, 0, 1)
monteverdi_lamento_c3.mid (1, 0, 0, 0)
Medieval_ArsNova_Machau_machaut-b24.mid (1, 0, 0, 0)
Renaissance_Renaissance-Late_Victoria_Laetatus_Sum-5-Agnus_Dei-4s.mid (1, 0, 0, 0)
Renaissance_Renaissance-Late_Victoria_LJbis8-Aleph_Quomodo_Obscuratum-1s.mid (1, 0, 0, 0)
Romanticism_Romanticism_Beethoven_symphony7m4.mid (1, 0, 0, 0)
Ave_Maria.mid (1, 0, 0, 0)
Classicism_Classicism_Mozart_moz330_1.mid (0, 0, 0, 1)
Ave_Regina_1_Kyrie_1b.mid (1, 0, 0, 0)
Baroque_Baroque-Late_Bach_babwv653.mid (1, 0, 0, 0)
Classicism_Classicism_Mozart_mozart11.mid (0, 0, 0, 1)
Renaissance_Renaissance-Late_Victoria_Letaniae_De_Beata_Virgine.mid (1, 0, 0, 0)
janequin_reconfortez.mid (1, 0, 0, 0)
1008czerny13reg.mid (0, 0, 0, 1)
XXCentury_XX-Nationalism_Janacek_1210jansinf3.mid (0, 1, 0, 0)
bach03.mid (1, 0, 0, 0)
Romanticism_Romanticism_Mendelssohn_Eli28.mid (0, 1, 0, 0)
Baroque_Baroque-Late_Vivaldi_vivaldi_gloria_07_domine_fili.mid (1, 0, 0, 0)
Praeludium#1_in_C_BWV846.MID (1, 0, 0, 0)
Renaissance_Renaissance-Late_Victoria_OD-09-Versa_Est_In_Luctum-2s.mid (1, 0, 0, 0)
Romanticism_Romanticism_Panofka_panofka_24_vocalises_ttes_voix_22.mid (0, 1, 0, 0)
TR08_Tenebrae_Factae_Sunt_1b.mid (1, 0, 0, 0)
Renaissance_Renaissance-Late_Victoria_Magnificat_Sexti_Toni-impares-1t.mid (1, 0, 0, 0)
155.mid (0, 0, 0, 1)
Baroque_Baroque-Middle_Becker_15mfrfr_m.mid (1, 0, 0, 0)
421hungdan5.mid (0, 0, 0, 1)
Classicism_Classicism_Mozart_arias-4-508_1.mid (1, 0, 0, 0)
la_canarie.mid (1, 0, 0, 0)
mozk309a.mid (0, 1, 0, 0)
Renaissance_Renaissance-Late_Victoria_O_Lux_Et_Decus_Hispaniae-b.mid (1, 0, 0, 0)
loopz3.mid (0, 0, 0, 1)
Baroque_Baroque-Late_Bach_Jesu_R1.mid (1, 0, 0, 0)
1407manina.mid (1, 0, 0, 0)
moz304_1.mid (0, 0, 0, 1)
rampolini_bacco.mid (1, 0, 0, 0)
Baroque_Baroque-Middle_Rosenmuller_02padal_m.mid (1, 0, 0, 0)
La_Boheme_Di_G.Puccini_Che_Gelida_Manina.mid (0, 0, 0, 1)
x.cgi_mid_mozart_wamk358.mid (0, 0, 0, 1)
Romanticism_Romanticism_Rossini_rossini.mid (1, 0, 0, 0)
Baroque_Baroque-Late_Bach_p22b_min.mid (0, 0, 0, 1)
Renaissance_Renaissance-Late_Victoria_Quam_Pulchri_Sunt-6-Agnus_Dei-1b.mid (1, 0, 0, 0)
XXCentury_Misc_Messiaen_1331banquetc.mid (0, 1, 0, 0)
lust_mag_mein_herz.mid (1, 0, 0, 0)
senfl_ach_elslein_liebes_elselein_mein.mid (1, 0, 0, 0)
Romanticism_Romanticism_Chopin_CHOPROND.mid (0, 0, 0, 1)
Medieval_ArsAntiqua_Anonymous_hac.mid (1, 0, 0, 0)
Baroque_Baroque-Late_Bach_1690tpvent13w.mid (1, 0, 0, 0)
Renaissance_Renaissance-Late_Victoria_Beata_Es_Virgo_Maria-2b.mid (1, 0, 0, 0)
Renaissance_Renaissance-Late_Victoria_Trahe_Me_Post_Te-5-Benedictus-1c.mid (1, 0, 0, 0)
Renaissance_Renaissance-Late_Victoria_TR11-Iesum_Tradidit_Impius-t.mid (0, 1, 0, 0)
Romanticism_Post-romanticism_Saint_Saens_Saint-Saens_carnaval12.mid (1, 0, 0, 0)
Baroque_Baroque-Middle_Becker_02mfrfr_m.mid (1, 0, 0, 0)
Romanticism_Romanticism_Sarasate_Sarasate_Zapateado.mid (1, 0, 0, 0)
mozart00.mid (1, 0, 0, 0)
Renaissance_Renaissance-Early_Binchois_Binchois16.mid (1, 0, 0, 0)
minuetg.mid (1, 0, 0, 0)
Romanticism_Post-romanticism_Scriabin_prelude_op11_no18.mid (0, 1, 0, 0)
Classicism_Classicism_Haydn_haydn-6.mid (0, 1, 0, 0)
Renaissance_Renaissance-Late_Victoria_LJbis2-Vau_Et_Egressus_Est-b.mid (1, 0, 0, 0)
Renaissance_Renaissance-Late_Victoria_Ave_Maria-a_8-2s.mid (1, 0, 0, 0)
Renaissance_Renaissance-Late_Victoria_Requiem_a_4_voces-01-Introitus-t.mid (1, 0, 0, 0)
Renaissance_Renaissance-Late_Victoria_LJ9-Incipit_Oratio_Jeremiae-2t.mid (1, 0, 0, 0)
lasso_kyrie_eleison.mid (1, 0, 0, 0)
Baroque_Baroque-Late_Bach_Goldberg_Variations_Aria.mid (0, 0, 0, 1)
Baroque_Baroque-Late_Bach_p02cmin.mid (0, 1, 0, 0)
Romanticism_Romanticism_Wagner_VALKYRIE.mid (0, 1, 0, 0)
Baroque_Baroque-Late_Bach_bach_cantata_150_7.mid (0, 1, 0, 0)
Baroque_Baroque-Late_Bach_aria.mid (1, 0, 0, 0)
Baroque_Baroque-Late_Haendel_sheba.mid (1, 0, 0, 0)
Baroque_Baroque-Late_Bach_ARTFUG10.mid (1, 0, 0, 0)
ADAGOP26.mid (0, 0, 0, 1)
Medieval_ArsNova_Henry4_henryvi_sanctus.mid (1, 0, 0, 0)
Romanticism_Romanticism_Jullien_Jullien_Tarantelle.mid (1, 0, 0, 0)
hydnlark.mid (0, 1, 0, 0)
Baroque_Baroque-Late_Bach_jsbart1.mid (1, 0, 0, 0)
Madama_Butterfly_Di_G.Puccini_Un_Bel_Di_Vedremo.mid (0, 0, 0, 1)
Baroque_Baroque-Late_Bach_WT1_7B.mid (0, 0, 0, 1)
Baroque_Baroque-Late_Bach_bjs83104.mid (0, 0, 0, 1)
Baroque_Baroque-Late_Bach_PFA-3ALG.mid (0, 1, 0, 0)
Baroque_Baroque-Late_Haendel_HANDELO2.mid (1, 0, 0, 0)
Renaissance_Renaissance-Late_Victoria_Nunc_Dimittis-s.mid (1, 0, 0, 0)
Romanticism_Post-romanticism_Saint_Saens_893aquar07.mid (0, 1, 0, 0)
Renaissance_Renaissance-Late_Victoria_Falsobordon-5-1t.mid (1, 0, 0, 0)
Baroque_Baroque-Late_Vivaldi_Violin_Concerto_in_Bb_RV.383a_Op.4_No.1_3._Allegro_from_La_stravaganza_David_Rothschild_Vivaldi.mid (1, 0, 0, 0)
Renaissance_Renaissance-Late_Victoria_Conditor_Alme_Siderum-s.mid (1, 0, 0, 0)
x.cgi_mid_mozart_wamk594.mid (0, 0, 0, 1)
brahms09.mid (1, 0, 0, 0)
Romanticism_Romanticism_Beethoven_3rdSymph_SYM3-2.mid (1, 0, 0, 0)
Renaissance_Renaissance-Late_Victoria_Ave_Maris_Stella-2-Gloria-c.mid (1, 0, 0, 0)
Renaissance_Renaissance-Late_Victoria_Simile_Est_Regnum_Coelorum-5-Benedictus-b.mid (0, 1, 0, 0)
Laetatus_Sum_5_Agnus_Dei_1b.mid (1, 0, 0, 0)
Romanticism_Romanticism_Schumann_Bilder_ais_Osten_Op.66_no.5.mid (0, 1, 0, 0)
Classicism_Classicism_Mozart_mozart-2.mid (1, 0, 0, 0)
Renaissance_Renaissance-Late_Victoria_OD-02-Introitus.mid (1, 0, 0, 0)
Renaissance_Renaissance-Early_Anonymous_verbum_carum_factum_est-Early.mid (1, 0, 0, 0)
Romanticism_Romanticism_Chopin_Nocturne_No14_in_F#m_Op.48_Nocturne_No2.mid (0, 0, 0, 1)
clementi_sonatina_gradus_1.mid (0, 1, 0, 0)
Renaissance_Renaissance-Late_Victoria_Ad_Caenam_Agni_Providi.mid (1, 0, 0, 0)
Romanticism_Romanticism_Schubert_First_Waltz_No.2.mid (1, 0, 0, 0)
morley_clorinda.mid (1, 0, 0, 0)
O_Magnum_Mysterium_1_Kyrie_b.mid (0, 1, 0, 0)
Gaudeamus_6_Agnus_Dei_1c.mid (1, 0, 0, 0)
Medieval_ArsNova_Solage_solage-le_basile.mid (1, 0, 0, 0)
Romanticism_Romantic-Nationalism_Grieg_holberg_suite_op40_1mov_edvard_grieg.mid (1, 0, 0, 0)
bjwaltze.mid (0, 1, 0, 0)
Renaissance_Renaissance-Late_Victoria_Vidi_Speciosam-1-Kyrie-1s.mid (1, 0, 0, 0)
Renaissance_Renaissance-Late_Victoria_SV08-Beatus_Vir-2s.mid (1, 0, 0, 0)
Baroque_Baroque-Middle_Uccellini_35op8sy_m.mid (1, 0, 0, 0)
XXCentury_XX-Nationalism_Barrios_Mangore_abarrios-epitafio.mid (0, 1, 0, 0)
FW164.mid (0, 0, 0, 1)
motet.mid (1, 0, 0, 0)
983czerny12reg.mid (0, 0, 0, 1)
adieu_corage_adieu.mid (1, 0, 0, 0)
moz24cm2.mid (0, 0, 0, 1)
Renaissance_Renaissance-Late_Victoria_Surge_Propera-2-Gloria-2t.mid (1, 0, 0, 0)
XXCentury_Impressionism_Debussy_0_pr1no2.mid (1, 0, 0, 0)
clementi_sonatina_gradus_2.mid (0, 0, 0, 1)
Romanticism_Romanticism_Beethoven_Symphonie8_Opus93_Mvt4-lucarelli.mid (1, 0, 0, 0)
Renaissance_Renaissance-Late_Victoria_Lauda_Sion_Salvatorem-1c.mid (1, 0, 0, 0)
Romanticism_Romanticism_Beethoven_SON23.mid (0, 1, 0, 0)
bepeace_ye_make_me_spill_my_ale.mid (0, 1, 0, 0)
2336cr29g.mid (0, 1, 0, 0)
vive_le_roy.mid (1, 0, 0, 0)
1052czerny34.mid (0, 0, 0, 1)
Romanticism_Romanticism_Bizet_bizet_carmen_15.mid (0, 0, 0, 1)
Classicism_Classicism_Haydn_2804hays94n2.mid (1, 0, 0, 0)
Baroque_Baroque-Late_Bach_WTCPRE22.mid (0, 0, 0, 1)
hungary1.mid (0, 1, 0, 0)
Romanticism_Post-romanticism_Mahler_1394mahl4mov1.mid (1, 0, 0, 0)
Romanticism_Romanticism_Schubert_shubavem.mid (1, 0, 0, 0)
Baroque_Baroque-Middle_Rosenmuller_07son_m.mid (0, 1, 0, 0)
Renaissance_Renaissance-Late_Victoria_TR14-O_Vos_Omnes-t.mid (1, 0, 0, 0)
Baroque_Baroque-Late_Bach_bjs99014.mid (1, 0, 0, 0)
2279laconsolreg.mid (0, 0, 0, 1)
Renaissance_Renaissance-Late_Victoria_TR06-Seniores_Populi-s.mid (1, 0, 0, 0)
PA6.mid (0, 0, 0, 1)
Romanticism_Romanticism_Schubert_Var_on_Anselm_Huttenbrenner_in_Am_D.576.4.mid (0, 0, 0, 1)
moza_k525_4.mid (1, 0, 0, 0)
O_Quam_Gloriosum_2_Gloria_b.mid (0, 1, 0, 0)
Romanticism_Romanticism_Mendelssohn_Eli02.mid (1, 0, 0, 0)
Romanticism_Romantic-Nationalism_Arriaga_Arrgescl.mid (1, 0, 0, 0)
Romanticism_Romantic-Nationalism_German_962choreg.mid (0, 0, 0, 1)
SUS_ALL2.mid (0, 1, 0, 0)
Baroque_Baroque-Late_Bach_jsbos21.mid (1, 0, 0, 0)
Ascendens_Christus_In_Altum_6_Agnus_Dei_1s.mid (1, 0, 0, 0)
Romanticism_Romanticism_Beethoven_8thSymph_SYM8_F_1.mid (1, 0, 0, 0)
Renaissance_Renaissance-Late_Victoria_Benedictus_Dominus.mid (1, 0, 0, 0)
mozart_m.mid (0, 0, 0, 1)
813czerny1reg.mid (0, 0, 0, 1)
262car_ante.mid (0, 0, 0, 1)
clementi_sonatina_gradus_16.mid (0, 1, 0, 0)
Romanticism_Romanticism_Brahms_BRAHMS_R1.mid (1, 0, 0, 0)
Renaissance_Renaissance-Late_Praetorius_praetorius-est_ist_ein_ros.mid (1, 0, 0, 0)
Renaissance_Renaissance-Late_Victoria_Ave_Regina-1-Kyrie-1c.mid (1, 0, 0, 0)
mozart_requiem_04_rex_tremendae.mid (0, 1, 0, 0)
arias_kv518.mid (0, 0, 1, 0)
Binchois6.mid (0, 1, 0, 0)
Romanticism_Romanticism_Burgmuller_1127burgmul7reg.mid (0, 0, 0, 1)
DANHON6.mid (0, 1, 0, 0)
Renaissance_Renaissance-Late_Victoria_TR09-Animam_Meam_Dilectam-s.mid (1, 0, 0, 0)
Renaissance_Renaissance-Middle_Janequin_La_Guerre_Clement_Janequin.mid (1, 0, 0, 0)
Romanticism_Romanticism_Schubert_1266d960m3.mid (0, 0, 0, 1)
Baroque_Baroque-Late_Bach_jesjoy.mid (1, 0, 0, 0)
Renaissance_Renaissance-Late_Victoria_OD-01-Taedet_Animam_Meam-s.mid (1, 0, 0, 0)
Mozart_Sonata14Movement1.mid (0, 0, 0, 1)
trumpets.mid (1, 0, 0, 0)
Baroque_Baroque-Late_Haendel_handel05.mid (1, 0, 0, 0)
gabrieli_surrexit_christus.mid (1, 0, 0, 0)
XXCentury_XX-Nationalism_Bartok_bagatelle_op11_no3.mid (0, 0, 0, 1)
Quam_Pulchri_Sunt_2_Gloria_b.mid (0, 1, 0, 0)
Le_Nozze_Di_Figaro_Di_W.A.Mozart_Voi_Che_Sapete.mid (1, 0, 0, 0)
round_roundel.mid (0, 0, 0, 1)
Baroque_Baroque-Late_Bach_01Wachet_auf_ruft_uns_die_Stimme.mid (0, 1, 0, 0)
Renaissance_Renaissance-Early_Escobar_pasame_por_dios_varquero.mid (1, 0, 0, 0)
Renaissance_Renaissance-Late_Victoria_Salve-2-Gloria-3s.mid (1, 0, 0, 0)
Classicism_Classicism_Haydn_hydn31_2.mid (1, 0, 0, 0)
Classicism_Classicism_Mozart_Symphony35-41-013-mok550m2.mid (1, 0, 0, 0)
Renaissance_Renaissance-Late_Victoria_TR16-Astiterunt-Reges.mid (1, 0, 0, 0)
Romanticism_Romanticism_Brahms_Waltzes_Op.39_No.16_in_C#m.mid (0, 0, 0, 1)
arias_kv519.mid (1, 0, 0, 0)
Renaissance_Renaissance-Late_Victoria_Vexilla_Regis_More_Hispano-t.mid (1, 0, 0, 0)
XXCentury_Impressionism_Debussy_debussy-estampes_jardin_pluie.mid (0, 0, 0, 1)
Classicism_Classicism_Mozart_arias-004-vamodi.mid (0, 1, 0, 0)
Baroque_Baroque-Late_Bach_jsbwv541.mid (1, 0, 0, 0)
Asperges_Me_b.mid (0, 1, 0, 0)
Renaissance_Renaissance-Late_Victoria_Falsobordon-2-s.mid (1, 0, 0, 0)
Renaissance_Renaissance-Middle_Gervaise_bransle_gay_V.mid (1, 0, 0, 0)
monteverdi_morfeo_ecco_pur.mid (1, 0, 0, 0)
Baroque_Baroque-Late_Haendel_C_maior_3_adagio.mid (0, 1, 0, 0)
Renaissance_Renaissance-Late_Victoria_Laetatus_Sum-4-Sanctus_y_Benedictus.mid (1, 0, 0, 0)
Romanticism_Romanticism_Brahms_440symph2-3.mid (0, 1, 0, 0)
Renaissance_Renaissance-Late_Victoria_Alma_Redemptoris-5-Agnus_Dei-2b.mid (1, 0, 0, 0)
haycelc3.mid (0, 1, 0, 0)
Iste_Confessor_b.mid (0, 1, 0, 0)
O_Magnum_Mysterium_3_Credo_b.mid (0, 1, 0, 0)
mozart20.mid (1, 0, 0, 0)
Classicism_Classicism_Mozart_mozart18.mid (1, 0, 0, 0)
Puccini_Tosca_3.mid (1, 0, 0, 0)
AveMariaVictoria.mid (1, 0, 0, 0)
Classicism_Classicism_Mozart_mz_333_1.mid (0, 0, 0, 1)
XXCentury_Impressionism_Debussy_gmclair.mid (0, 0, 0, 1)
Baroque_Baroque-Late_Bach_g2fug.mid (0, 0, 0, 1)
Renaissance_Renaissance-Late_Victoria_Quia_Viderunt_Oculi-c.mid (1, 0, 0, 0)
Baroque_Baroque-Late_Vivaldi_gp_v02.mid (1, 0, 0, 0)
pravol12.mid (1, 0, 0, 0)
Romanticism_Romanticism_Brahms_Waltzes_Op.39_No.1_in_B.mid (0, 0, 0, 1)
FW024.mid (0, 0, 0, 1)
arias_kv520.mid (0, 0, 1, 0)
Renaissance_Renaissance-Late_Victoria_Requiem_a_4_voces-06-Agnus_Dei-s.mid (1, 0, 0, 0)
Renaissance_Renaissance-Late_Palestrina_2155gpbndcts.mid (1, 0, 0, 0)
mozart_lieder_gesellenreise.mid (0, 1, 0, 0)
Romanticism_Romanticism_Chopin_Nocturne_No15_in_Fm_Op.55_Nocturne_No1.mid (0, 1, 0, 0)
Super_Flumina_Babylonis_1b.mid (0, 1, 0, 0)
come_again.mid (1, 0, 0, 0)
Romanticism_Romantic-Nationalism_German_1280puck2reg.mid (0, 0, 0, 1)
Classicism_Classicism_Mozart_mozhorn2.mid (1, 0, 0, 0)
gabrieli_pian_e_forte.mid (1, 0, 0, 0)
blow_thy_horne_hunter.mid (1, 0, 0, 0)
2150boh2no1.mid (0, 0, 0, 1)
Baroque_Baroque-Late_Bach_bjs0978c.mid (0, 0, 1, 0)
Baroque_Baroque-Late_Bach_BWV810G.mid (0, 1, 0, 0)
XXCentury_XX-Nationalism_Nielsen_symp_no2_finale.mid (0, 1, 0, 0)
BR_120B3.mid (0, 0, 0, 1)
Renaissance_Renaissance-Late_Victoria_Ave_Regina-6-Agnus_Dei-1t.mid (1, 0, 0, 0)
Baroque_Baroque-Late_Vivaldi_Antonio_Vivaldi_Four_Seasons_Spring.mid (0, 0, 1, 0)
ALKANCHM.mid (0, 0, 0, 1)
Romanticism_Romanticism_Heller_2159melody8reg.mid (0, 0, 0, 1)
Light_Character_polka_Stra.MID (1, 0, 0, 0)
dowland_farwell.mid (1, 0, 0, 0)
mozk74a4.mid (0, 0, 0, 1)
schub04.mid (1, 0, 0, 0)
Romanticism_Romanticism_Delibes_Delibes_La_Valse.mid (1, 0, 0, 0)
Romanticism_Romanticism_Gounod_1194goun-unk.mid (1, 0, 0, 0)
XXCentury_XX-Nationalism_Tarrega_tarrega_preludio_no1.mid (1, 0, 0, 0)
Palestrina_Kyrie_Papae_Marcelli.mid (1, 0, 0, 0)
Romanticism_Romanticism_Chopin_Prelude_Op28_No11_in_B_Dragon_Fly.mid (0, 0, 0, 1)
Baroque_Baroque-Late_Bach_bachmen7_v2.mid (0, 1, 0, 0)
mozart_requiem_11_benedictus.mid (0, 1, 0, 0)
Baroque_Baroque-Middle_Blow_johnblow.mid (0, 1, 0, 0)
lasso_gallans.mid (1, 0, 0, 0)
Gloria_Palestrina_S.mid (1, 0, 0, 0)
kodaly32.mid (0, 0, 0, 1)
Baroque_Baroque-Late_Purcell_purcell1.mid (1, 0, 0, 0)
Classicism_Pre-classicism_Scarlatti_scarlatti_gia_il_sole_dal_gange.mid (0, 1, 0, 0)
Renaissance_Renaissance-Late_Victoria_Ave_Regina-2-Gloria-1t.mid (1, 0, 0, 0)
mozhrn3.mid (0, 0, 0, 1)
XXCentury_XX-Nationalism_Holst_FIRST-2.mid (1, 0, 0, 0)
csonatam.mid (0, 0, 0, 1)
Renaissance_Renaissance-Late_Victoria_O_Decus_Apostolicum.mid (1, 0, 0, 0)
Renaissance_Renaissance-Late_Victoria_Quicumque_Christum_Quaeritis-s.mid (0, 0, 1, 0)
haydntc.mid (0, 1, 0, 0)
BR_120A3.mid (0, 0, 0, 1)
La_Boheme_Di_G._Puccini_Si_Mi_Chiamano_Mimi.mid (0, 0, 0, 1)
Romanticism_Romanticism_Beethoven_6thSymph_6SYMPH_4.mid (1, 0, 0, 0)
Baroque_Baroque-Late_Bach_jsbos12.mid (1, 0, 0, 0)
Classicism_Classicism_Mozart_mozart23.mid (1, 0, 0, 0)
Romanticism_Romantic-Nationalism_Sousa_washpost.mid (1, 0, 0, 0)
548agnus.mid (1, 0, 0, 0)
clementi_sonatina_no6parta_3.mid (0, 0, 0, 1)
Leroy_Anderson_Blue_tango.mid (1, 0, 0, 0)
Renaissance_Renaissance-Late_Victoria_Magnificat_Septimi_Toni-impares.mid (1, 0, 0, 0)
schub01.mid (1, 0, 0, 0)
PragueSymphony38_K504_1st_mvt_Mozart_b.mid (1, 0, 0, 0)
Classicism_Classicism_Mozart_moz330_2.mid (0, 0, 0, 1)
schub06.mid (1, 0, 0, 0)
queenofthenight.mid (0, 0, 0, 1)
brahms03.mid (1, 0, 0, 0)
mozsonata.mid (0, 0, 0, 1)
Renaissance_Renaissance-Late_Victoria_Simile_Est_Regnum_Coelorum-4-Sanctus-s.mid (1, 0, 0, 0)
branle_lofficiale.mid (1, 0, 0, 0)
Baroque_Baroque-Late_Bach_wtc1092.mid (1, 0, 0, 0)
handel09.mid (1, 0, 0, 0)
Sonata_c.Mid (0, 1, 0, 0)
254BOH1.mid (0, 0, 0, 1)
Verdi.G_La_Traviata_Addio_Del_Passato.mid (0, 0, 0, 1)
Romanticism_Romanticism_Liszt_1558earlking.mid (0, 0, 0, 1)
Dufay_Lamentio_Sanctae_Matris_Ecclesiae.mid (1, 0, 0, 0)
Renaissance_Renaissance-Late_Victoria_TR07-Tamquam_Ad_Latronem-s.mid (1, 0, 0, 0)
Pietro_Mascagni_Cavalleria_Rusticana_Preludio_In_Dialetto_Siciliano.mid (1, 0, 0, 0)
Baroque_Baroque-Late_Bach_bjs958.mid (1, 0, 0, 0)
Classicism_Classicism_Mozart_arias-4-508_2.mid (1, 0, 0, 0)
XXCentury_Impressionism_Debussy_012_debima04.mid (0, 1, 0, 0)
Baroque_Baroque-Late_Bach_Toccata_e_fuga.mid (0, 1, 0, 0)
mozart_s.mid (0, 0, 0, 1)
Baroque_Baroque-Late_Bach_bjs0986b.mid (0, 0, 0, 1)
Goldberg_Variation_#1_Alle.MID (0, 0, 0, 1)
Baroque_Baroque-Late_Haendel_handms44.mid (1, 0, 0, 0)
Romanticism_Romanticism_Wolf_wolf_2_einklang.mid (1, 0, 0, 0)
831czerny2eg.mid (0, 1, 0, 0)
Romanticism_Post-romanticism_Scriabin_etude_op56_no4.mid (0, 0, 0, 1)
Magnificat_Tertii_Toni_impares_1t.mid (1, 0, 0, 0)
mozart_p.mid (0, 0, 0, 1)
Renaissance_Renaissance-Late_Victoria_Requiem_a_4_voces-03-Graduale-c.mid (1, 0, 0, 0)
Renaissance_Renaissance-Middle_Senfl_wohl_kumbt_der_mai_i.mid (1, 0, 0, 0)
Romanticism_Romanticism_Beethoven_5thSymph_BEET5M4.mid (1, 0, 0, 0)
Baroque_Baroque-Late_Bach_106.mid (1, 0, 0, 0)
XXCentury_Impressionism_Debussy_debussy-prelude_1livre_08.mid (0, 1, 0, 0)
CaprichoArabe.mid (0, 1, 0, 0)
Monostatos.mid (1, 0, 0, 0)
Classicism_Classicism_Mozart_2018mozk299no2.mid (1, 0, 0, 0)
Palestrina_Super_flumina_Babilonis.mid (1, 0, 0, 0)
Baroque_Baroque-Late_Bach_127.mid (0, 0, 0, 1)
Romanticism_Romantic-Nationalism_Moszkowski_2370mmel.mid (0, 0, 0, 1)
morley_april.mid (1, 0, 0, 0)
valkry.mid (1, 0, 0, 0)
Baroque_Baroque-Late_Pachelbel_trumpet_quartet_canon.mid (0, 0, 1, 0)
Romanticism_Post-romanticism_Bruch_ADAGOP26.mid (0, 0, 0, 1)
Romanticism_Post-romanticism_Saint_Saens_gp_danse.mid (1, 0, 0, 0)
Renaissance_Renaissance-Late_Victoria_Nunc_Dimittis.mid (1, 0, 0, 0)
FW252.mid (0, 0, 0, 1)
Classicism_Pre-classicism_Boccherini_Boccherini_min.mid (1, 0, 0, 0)
33apasnato.mid (0, 1, 0, 0)
SV09_Nisi_Dominus_1s.mid (1, 0, 0, 0)
Classicism_Classicism_Mozart_Symphony35-41-6-jupitmen.mid (1, 0, 0, 0)
moz_con.mid (0, 0, 0, 1)
arias_004_mozartk1.mid (0, 1, 0, 0)
brahms04.mid (1, 0, 0, 0)
XXCentury_Neoclassicism_Stravinsky_2809stravinsky2.mid (1, 0, 0, 0)
bach07.mid (1, 0, 0, 0)
Romanticism_Romanticism_Liszt_Au_Bord_Dune_Source.mid (0, 0, 0, 1)
Baroque_Baroque-Late_Haendel_fireworks-menuet1.mid (1, 0, 0, 0)
boh2_2.mid (0, 1, 0, 0)
Romanticism_Romanticism_Schumann_811scn15_5.mid (0, 0, 0, 1)
arias_kv531.mid (0, 1, 0, 0)
MozartNo01.mid (1, 0, 0, 0)
Romanticism_Romanticism_Beethoven_Symphonie8_Opus93_Mvt1-viens.mid (1, 0, 0, 0)
pragav4.mid (1, 0, 0, 0)
Baroque_Baroque-Late_Bach_294jsb0803.mid (0, 0, 0, 1)
ALKN61N4.mid (0, 0, 0, 1)
Jesu_Joy_of_Mans_Desiring_Bach.mid (1, 0, 0, 0)
Renaissance_Renaissance-Late_Victoria_Jesu_Nostra_Redemptio-s.mid (1, 0, 0, 0)
Baroque_Baroque-Late_Vivaldi_verano_vivaldi.mid (1, 0, 0, 0)
Classicism_Classicism_Mozart_Mozart-minuet-k2-2.mid (0, 1, 0, 0)
arias_kv530.mid (1, 0, 0, 0)
Classicism_Classicism_Haydn_hay28_2.mid (1, 0, 0, 0)
mozk218b.mid (0, 0, 1, 0)
XXCentury_Impressionism_Debussy_013_apresmid.mid (1, 0, 0, 0)
Romanticism_Romanticism_Brahms_jbwaltz3-op39.mid (1, 0, 0, 0)
Letaniae_De_Beata_Virgine_1b.mid (1, 0, 0, 0)
Renaissance_Renaissance-Late_Victoria_TR11-Iesum_Tradidit_Impius.mid (1, 0, 0, 0)
Renaissance_Renaissance-Late_Victoria_LJ8-Aleph_Quomodo_Obscuratum-2s.mid (1, 0, 0, 0)
cannon_d_2.mid (1, 0, 0, 0)
hoboeckentanz.mid (1, 0, 0, 0)
Classicism_Classicism_Haydn_hay-p38b.mid (0, 0, 0, 1)
hun3.mid (0, 0, 0, 1)
io_non_compro_pi_speranza.mid (1, 0, 0, 0)
Romanticism_Romantic-Nationalism_Barbieri_Barbieri_barberillo.mid (1, 0, 0, 0)
Mozart_W.a._Dans_Un_Bois_Solitaire.mid (0, 1, 0, 0)
Renaissance_Renaissance-Late_Victoria_Gaude_Maria_Virgo-b.mid (1, 0, 0, 0)
mozart_requiem_09_hostias.mid (0, 1, 0, 0)
x.cgi_mid_mozart_wamk357.mid (0, 0, 0, 1)
Classicism_Classicism_Mozart_Symphony35-41-012-mok543m1.mid (1, 0, 0, 0)
Romanticism_Post-romanticism_Messager_2906mirette13.mid (0, 0, 0, 1)
Romanticism_Romanticism_Mendelssohn_GMMVIOL_2.mid (1, 0, 0, 0)
Romanticism_Romanticism_Chopin_op_67_04.mid (0, 1, 0, 0)
870czerny7reg.mid (0, 0, 0, 1)
Renaissance_Renaissance-Late_Victoria_LJ6-Aleph_Ego_Vir-2c.mid (1, 0, 0, 0)
mozart_o.mid (0, 0, 0, 1)
Baroque_Baroque-Late_Bach_BWV818.mid (0, 0, 0, 1)
mozk313.mid (0, 1, 0, 0)
Ascendens_Christus_In_Altum_2_Gloria_1s.mid (1, 0, 0, 0)
Baroque_Baroque-Late_Bach_3PART_05.mid (0, 1, 0, 0)
Baroque_Baroque-Late_Bach_Prelue#3.mid (0, 1, 0, 0)
Romanticism_Romanticism_Strauss_Johann_fledermausquadrille.mid (0, 0, 0, 1)
mozart_requiem_02_dies_irae.mid (0, 1, 0, 0)
Baroque_Baroque-Late_Bach_BWV807B.mid (0, 0, 0, 1)
Romanticism_Post-romanticism_Bruckner_bruckner_locus_iste.mid (1, 0, 0, 0)
982czerny11reg.mid (0, 0, 0, 1)
Romanticism_Romantic-Nationalism_German_824princereg.mid (0, 0, 0, 1)
889czerny8reg.mid (0, 1, 0, 0)
Se_Vuol_Ballare_Signor_Contino.mid (1, 0, 0, 0)
Renaissance_Renaissance-Late_Victoria_Ascendens_Christus_In_Altum-4-Sanctus-b.mid (1, 0, 0, 0)
clementi_sonatina_gradus_21.mid (0, 0, 0, 1)
Romanticism_Romantic-Nationalism_Tchaikovsky_nutcrac1.mid (1, 0, 0, 0)
LJ6_Aleph_Ego_Vir_1c.mid (1, 0, 0, 0)
clementi_sonatina_no5parta.mid (0, 0, 0, 1)
XXCentury_XX-Nationalism_Bartok_Bartok_Roumanian-4.mid (0, 0, 0, 1)
Classicism_Classicism_Mozart_figovert.mid (1, 0, 0, 0)
Romanticism_Romanticism_Beethoven_3rdSymph_3RD2.mid (1, 0, 0, 0)
susato_pour_quoy.mid (1, 0, 0, 0)
viv_el_gran_re_don_fernando.mid (0, 1, 0, 0)
Baroque_Baroque-Late_Haendel_Mes53b.mid (1, 0, 0, 0)
Classicism_Classicism_Mozart_arias-kv468.mid (0, 1, 0, 0)
Bizet_Habanera.kar (1, 0, 0, 0)
dowland_my_thoughts.mid (1, 0, 0, 0)
brwlz_09.mid (0, 0, 0, 1)
Baroque_Baroque-Early_Marini_op22_zarab_m.mid (0, 1, 0, 0)
1096czerny15reg.mid (0, 0, 0, 1)
pavanne_est_il_conclud.mid (1, 0, 0, 0)
Renaissance_Renaissance-Late_Victoria_Trahe_Me_Post_Te-3-Credo-1c.mid (1, 0, 0, 0)
Classicism_Classicism_Mozart_moz487_7.mid (1, 0, 0, 0)
dufay0.mid (1, 0, 0, 0)
mozmar.mid (0, 1, 0, 0)
XXCentury_Expressionism_Schoenberg_pierrot_lunaire_17_parodie.mid (0, 0, 0, 1)
Baroque_Baroque-Late_Bach_wtc1082.mid (1, 0, 0, 0)
Renaissance_Renaissance-Late_Victoria_Magnificat_Secundi_Toni-impares-s.mid (1, 0, 0, 0)
Renaissance_Renaissance-Late_Victoria_Ecce_Dominus_Veniet.mid (1, 0, 0, 0)
Classicism_Classicism_Mozart_2025pianos3no2.mid (1, 0, 0, 0)
952czerny9reg.mid (0, 0, 0, 1)
Renaissance_Renaissance-Middle_Susato_hoboeckentanz.mid (1, 0, 0, 0)
172.mid (0, 0, 0, 1)
Renaissance_Renaissance-Late_Praetorius_spagnoletta_xxvii.mid (1, 0, 0, 0)
soy_contento_y_vos_servido.mid (1, 0, 0, 0)
lasso_matona_mia_cara.mid (1, 0, 0, 0)
XXCentury_Impressionism_Debussy_debussy-prelude_1livre_06.mid (0, 0, 0, 1)
Air_On_The_G_String.mid (1, 0, 0, 0)
mozk466b.mid (0, 0, 0, 1)
clementi_sonatina_gradus_17.mid (0, 0, 0, 1)
Baroque_Baroque-Late_Bach_jesujoyofmansdesiring.mid (1, 0, 0, 0)
Romanticism_Romantic-Nationalism_Rimsky_Korsakov_rimsky_korsakov_song_of_india.mid (0, 1, 0, 0)
Baroque_Baroque-Late_Bach_2part09.mid (0, 0, 0, 1)
holborne_my_lord_of_oxenford.mid (1, 0, 0, 0)
Renaissance_Renaissance-Late_Victoria_Ascendens_Christus_In_Altum-2-Gloria-t.mid (1, 0, 0, 0)
Romanticism_Romanticism_Chopin_Nocturne_No7_in_C#m_Op.27_Nocturne_No1.mid (0, 0, 0, 1)
Romanticism_Romanticism_Brahms_14.mid (0, 1, 0, 0)
1412turan2.mid (0, 0, 0, 1)
760fiveroma.mid (0, 0, 0, 1)
dowland_say_love_if_ever.mid (0, 0, 1, 0)
Renaissance_Renaissance-Late_Praetorius_pragav3.mid (1, 0, 0, 0)
Classicism_Classicism_Mozart_mozart_lieder_ridente_la_calma.mid (0, 1, 0, 0)
mozart_lieder_als_luise_die_briefe.mid (0, 1, 0, 0)
XXCentury_XX-Nationalism_Orff_orff_carmina_08.mid (0, 1, 0, 0)
Ave_Regina_Caelorum_a_5_1c.mid (1, 0, 0, 0)
Romanticism_Romanticism_Brahms_brwlz_12.mid (0, 1, 0, 0)
Romanticism_Post-romanticism_Scriabin_fantasy_in_bmin_op28.mid (0, 0, 0, 1)
mozart_w.mid (0, 0, 0, 1)
bransle_gay_I.mid (1, 0, 0, 0)
Romanticism_Romanticism_Panofka_panofka_24_vocalises_ttes_voix_17.mid (0, 1, 0, 0)
arias_kv349.mid (1, 0, 0, 0)
FW191.mid (0, 0, 0, 1)
Renaissance_Renaissance-Late_Victoria_Gaude_Maria_Virgo-2s.mid (1, 0, 0, 0)
mozk219a.mid (0, 0, 0, 1)
Medieval_ArsNova_Trebor_trebor45.mid (1, 0, 0, 0)
LJ8_Aleph_Quomodo_Obscuratum_1s.mid (1, 0, 0, 0)
arias_kv125.mid (0, 0, 1, 0)
Medieval_ArsNova_Senleches_senle05.mid (0, 1, 0, 0)
Renaissance_Renaissance-Late_Victoria_O_Sacrum_Convivium-1t.mid (1, 0, 0, 0)
Renaissance_Renaissance-Middle_Susato_susato-labattaille.mid (0, 1, 0, 0)
Classicism_Classicism_Clementi_sontina.mid (0, 0, 0, 1)
mozart11.mid (0, 0, 0, 1)
Classicism_Classicism_Haydn_hydn06_3.mid (1, 0, 0, 0)
La_Boheme_Di_G.Puccini_Vecchia_Zimarra_Senti.mid (0, 0, 0, 1)
mozk211b.mid (0, 0, 0, 1)
GMMOZ550.mid (1, 0, 0, 0)
Classicism_Classicism_Mozart_Symphony35-41-3-msy3853.mid (1, 0, 0, 0)
Renaissance_Renaissance-Late_Victoria_Te_Lucis_Ante_Terminum-c.mid (1, 0, 0, 0)
schutz_sinfonia.mid (1, 0, 0, 0)
Romanticism_Romanticism_Chopin_19_Polish_Songs_for_Voice_and_Piano_Op74_17.Hymn_From_The_Tomb.mid (0, 0, 0, 1)
Vidi_Speciosam_1_Kyrie_1s.mid (1, 0, 0, 0)
Classicism_Classicism_Mozart_mozartk1.mid (0, 0, 1, 0)
Renaissance_Renaissance-Late_Victoria_LJbis2-Vau_Et_Egressus_Est-c.mid (1, 0, 0, 0)
727hmmtop95.mid (0, 0, 1, 0)
Renaissance_Renaissance-Late_Victoria_Te_Lucis_Ante_Terminum-t.mid (1, 0, 0, 0)
Baroque_Baroque-Late_Vivaldi_vivaldi_gloria_10_qui_sedes.mid (0, 1, 0, 0)
Classicism_Pre-classicism_Scarlatti_scarlatti_sento_nel_core.mid (0, 1, 0, 0)
Romanticism_Romanticism_Schubert_Piano_Sonata_in_A-_Op.posth.143_D.784_1.Allegro_giusto.mid (0, 1, 0, 0)
Romanticism_Romantic-Nationalism_Breton_Breton_EscenasAndaluzas-2.mid (0, 1, 0, 0)
sonata_in_c_1_2.mid (0, 0, 0, 1)
1174saltarel.mid (0, 0, 0, 1)
Tosca_Di_G._Puccini_Vissi_Darte_Vissi_DAmore.mid (0, 0, 0, 1)
Renaissance_Renaissance-Late_Victoria_Tibi_Christe-b.mid (1, 0, 0, 0)
Classicism_Classicism_Paganini_pagni01.mid (0, 0, 1, 0)
Renaissance_Renaissance-Late_Victoria_Ave_Maria_de_Victoria.mid (1, 0, 0, 0)
Renaissance_Renaissance-Middle_HenryVIII_hen8cn24.mid (1, 0, 0, 0)
Classicism_Classicism_Mozart_2024panos3no1.mid (1, 0, 0, 0)
1912belli1.mid (0, 1, 0, 0)
Renaissance_Renaissance-Late_Palestrina_sacra_giovanni_pierluigi_da_palestrina_missa_ave_regina_coelorum_agnus_dei.mid (1, 0, 0, 0)
arias_kv390.mid (1, 0, 0, 0)
Classicism_Classicism_Mozart_mozk211b.mid (0, 1, 0, 0)
Baroque_Baroque-Late_Haendel_1644gdance6.mid (0, 1, 0, 0)
Baroque_Baroque-Late_Haendel_Mes32.mid (1, 0, 0, 0)
1730gradu9.mid (0, 0, 0, 1)
Baroque_Baroque-Late_Marais_songen_m.mid (1, 0, 0, 0)
Romanticism_Romanticism_Beethoven_HAMMKLV3.mid (0, 0, 0, 1)
Renaissance_Renaissance-Late_Victoria_TR09-Animam_Meam_Dilectam-c.mid (1, 0, 0, 0)
Renaissance_Renaissance-Late_Victoria_Pro_Victoria-4-Sanctus-2s.mid (1, 0, 0, 0)
Romanticism_Romanticism_Beethoven_SONATAC.mid (0, 0, 0, 1)
Classicism_Classicism_Mozart_mozk211c.mid (0, 0, 0, 1)
Renaissance_Renaissance-Late_Victoria_Nigra_Sum_Sed_Formosa-2t.mid (1, 0, 0, 0)
Binchois11.mid (0, 1, 0, 0)
Romanticism_Romanticism_Beethoven_8thSymph_8THSY1.mid (0, 1, 0, 0)
Renaissance_Renaissance-Late_Victoria_Vexilla_Regis_More_Hispano-b.mid (1, 0, 0, 0)
Hungarian_Dance#5_Brahms.MID (0, 0, 0, 1)
Renaissance_Renaissance-Late_Victoria_Iste_Sanctus-s.mid (1, 0, 0, 0)
Renaissance_Renaissance-Late_Victoria_SV03-Beatus_Vir-s.mid (1, 0, 0, 0)
Romanticism_Romanticism_Verdi_1609verdilux.mid (1, 0, 0, 0)
Presto_in_G_Mozart_sona.MID (0, 0, 0, 1)
Romanticism_Romanticism_Mendelssohn_mendel05.mid (0, 0, 0, 1)
Baroque_Baroque-Late_Bach_1678tpvent1w.mid (1, 0, 0, 0)
bach05.mid (1, 0, 0, 0)
encina_mas_vale_trocar.mid (1, 0, 0, 0)
Renaissance_Renaissance-Late_Victoria_Alma_Redemptoris_Mater.mid (1, 0, 0, 0)
Medieval_ArsNova_Machau_machaut-b29.mid (1, 0, 0, 0)
Baroque_Baroque-Late_Haendel_Mes06.mid (1, 0, 0, 0)
arias_kv524.mid (0, 0, 1, 0)
Romanticism_Romanticism_Beethoven_Symphonie7_Opus92_Mvt3-cvikl.mid (1, 0, 0, 0)
ALKN61N3.mid (0, 0, 0, 1)
Romanticism_Romanticism_Schumann_Concerto_Piano_and_Orch_Op.92_intro.mid (1, 0, 0, 0)
Renaissance_Renaissance-Late_Victoria_Ascendens_Christus_In_Altum-1-Kyrie-1s.mid (1, 0, 0, 0)
the_choice.mid (1, 0, 0, 0)
Romanticism_Romanticism_Chopin_Op.10_No.12_C_min.mid (0, 0, 0, 1)
Romanticism_Romanticism_Rossini_GUILLTEL.mid (0, 1, 0, 0)
1429gpsenza.mid (1, 0, 0, 0)
Romanticism_Romanticism_Bizet_bizet_carmen_16bis.mid (0, 1, 0, 0)
Renaissance_Renaissance-Late_Victoria_Misa_Quarti_Toni-2-Gloria-s.mid (1, 0, 0, 0)
dunstable_sancta_maria.mid (0, 1, 0, 0)
Romanticism_Romantic-Nationalism_Tchaikovsky_waltzofflowers.mid (1, 0, 0, 0)
VIOLIN_C.MID (0, 1, 0, 0)
Palestrina_Surge_Propera_Amica_Mea_s.mid (1, 0, 0, 0)
Romanticism_Romantic-Nationalism_Moszkowski_gp_ffl.mid (1, 0, 0, 0)
Renaissance_Renaissance-Late_Victoria_Ave_Maris_Stella-6-Agnus_Dei-2t.mid (1, 0, 0, 0)
Classicism_Classicism_Lidon_lidon-quartet_2ndmid.mid (1, 0, 0, 0)
Renaissance_Renaissance-Early_Cornysh_blow_thy_horne_hunter.mid (1, 0, 0, 0)
Baroque_Baroque-Late_Bach_jsbbrc53.mid (1, 0, 0, 0)
Renaissance_Renaissance-Late_Victoria_O_Magnum_Mysterium-s.mid (1, 0, 0, 0)
carulli_andante.mid (0, 1, 0, 0)
Romanticism_Post-romanticism_Rachmaninoff_symph_no5_op100_mov3.mid (1, 0, 0, 0)
Renaissance_Renaissance-Late_Victoria_Victimae_Paschale-2s.mid (1, 0, 0, 0)
Baroque_Baroque-Late_Vivaldi_gp_v05.mid (1, 0, 0, 0)
Classicism_Classicism_Haydn_haydn-10.mid (0, 1, 0, 0)
XXCentury_XX-Nationalism_Villalobos_suite_infantil_no2_mov3.mid (0, 0, 0, 1)
arias_011_doppel.mid (1, 0, 0, 0)
Renaissance_Renaissance-Late_Rosseter_ROSSETER_Whether_Men_to_Laugh_or_Weep.mid (0, 1, 0, 0)
Renaissance_Renaissance-Middle_Cavalli_cavalli-lormindo_mai_voli.mid (1, 0, 0, 0)
nachtmusik3.mid (1, 0, 0, 0)
mozk466c.mid (0, 0, 1, 0)
Miserere_b.mid (0, 1, 0, 0)
Classicism_Pre-classicism_Soler_1476soler91c.mid (0, 0, 0, 1)
Magnificat_Primi_Toni_pares_1c.mid (1, 0, 0, 0)
Renaissance_Renaissance-Middle_Certon_certon-je_ne_lose_dire.mid (1, 0, 0, 0)
BR_120B1.mid (0, 0, 0, 1)
Renaissance_Renaissance-Early_Escobar_escobar_lo_que_queda_es_lo_seguro.mid (1, 0, 0, 0)
Romanticism_Romanticism_Brahms_lullaby.mid (0, 0, 0, 1)
Classicism_Classicism_Mozart_mozart_requiem_12_agnus_dei.mid (1, 0, 0, 0)
Renaissance_Renaissance-Late_Victoria_Magnificat_Primi_Toni-2c.mid (1, 0, 0, 0)
mfaria04.mid (1, 0, 0, 0)
Romanticism_Romanticism_Beethoven_5thSymph_B5TH-4G.mid (1, 0, 0, 0)
Classicism_Classicism_Haydn_haydnob1.mid (1, 0, 0, 0)
mozart_lieder_warnung.mid (0, 1, 0, 0)
x.cgi_mid_mozart_wamk497.mid (0, 0, 0, 1)
Romanticism_Romantic-Nationalism_Dvorak_dvop22-3.mid (1, 0, 0, 0)
mozk74a1.mid (0, 0, 0, 1)
Baroque_Baroque-Late_Haendel_handels3.mid (0, 1, 0, 0)
Renaissance_Renaissance-Late_Victoria_Gaudeamus-4-Sanctus-t.mid (1, 0, 0, 0)
XXCentury_XX-Nationalism_Vaughan_Williams_Seasongs.mid (1, 0, 0, 0)
XXCentury_Misc_Grainger_irish_tune.mid (1, 0, 0, 0)
victoria_benedictus.mid (0, 1, 0, 0)
chopin24.mid (0, 0, 0, 1)
Baroque_Baroque-Late_Bach_anna-18.mid (1, 0, 0, 0)
Renaissance_Renaissance-Middle_Anonymous_christmas_coventry-Midd.mid (0, 1, 0, 0)
Renaissance_Renaissance-Late_Lassus_wohl_kommt_der_mai.mid (1, 0, 0, 0)
Renaissance_Renaissance-Late_Victoria_O_Sacrum_Convivium_a_6.mid (1, 0, 0, 0)
580elucev.mid (1, 0, 0, 0)
Renaissance_Renaissance-Late_Victoria_Laetatus_Sum-5-Agnus_Dei-1t.mid (1, 0, 0, 0)
Medieval_ArsNova_Machau_machaut-b35.mid (1, 0, 0, 0)
x.cgi_mid_mozart_wamk521.mid (0, 0, 0, 1)
Mozart_TwinkleLittleStar.mid (0, 0, 0, 1)
bruop26b.mid (0, 0, 0, 1)
Renaissance_Renaissance-Early_Anonymous_sifortune.mid (1, 0, 0, 0)
1830sonatin36reg.mid (0, 1, 0, 0)
Baroque_Baroque-Late_Bach_BWV1030.mid (0, 1, 0, 0)
Medieval_ArsAntiqua_Anonymous_congaudeant_catholici-thv.mid (1, 0, 0, 0)
Romanticism_Romanticism_Beethoven_HAMMKLV4.mid (0, 0, 0, 1)
1914norma_ov.mid (0, 0, 0, 1)
Medieval_ArsNova_Senleches_senle03.mid (1, 0, 0, 0)
Baroque_Baroque-Late_Bach_997-5DOU.mid (0, 0, 0, 1)
Classicism_Classicism_Mozart_A_mozrt3.mid (0, 0, 0, 1)
In_Manus_Tuas_1t.mid (1, 0, 0, 0)
Baroque_Baroque-Late_Bach_BJS83105_R1.mid (0, 0, 0, 1)
mozart_requiem_01_introitus.mid (0, 1, 0, 0)
Classicism_Classicism_Mozart_Symphony35-41-012-k543_4.mid (1, 0, 0, 0)
Renaissance_Renaissance-Late_Victoria_Magnificat_Tertii_Toni-impares-1t.mid (1, 0, 0, 0)
Renaissance_Renaissance-Late_Victoria_Urbs_Beata_Jerusalem-t.mid (1, 0, 0, 0)
Romanticism_Romantic-Nationalism_Grieg_AveMStellaGrieg.mid (1, 0, 0, 0)
Romanticism_Romanticism_Schubert_Schubert-Serenade.mid (0, 0, 0, 1)
Renaissance_Renaissance-Late_Victoria_Magnificat_Quinti_Toni-impares-2t.mid (1, 0, 0, 0)
Romanticism_Romanticism_Gounod_AveVerumGounod.mid (1, 0, 0, 0)
1173nuitdete.mid (0, 0, 0, 1)
schman01.mid (1, 0, 0, 0)
Renaissance_Renaissance-Late_Victoria_LJbis7-Heth_Misericordiae_Domini-1s.mid (1, 0, 0, 0)
Romanticism_Post-romanticism_Scriabin_etude_op42_no1.mid (0, 0, 0, 1)
x.cgi_mid_mozart_wamk501.mid (0, 0, 0, 1)
XXCentury_Misc_Balasanyan_balasanyan-horsemen.mid (1, 0, 0, 0)
XXCentury_XX-Nationalism_Villalobos_prole_do_bebe_no1_no2.mid (0, 0, 0, 1)
class_train.csv;bass;78.00%,685;33;129;27;483;162;27;202;0.75;0.95;0.84
