Nombre_fichero,N_Pistas,melody,bass,piano_rh,piano_lh,mixdown,
1931.MID,7,,1,,,,Bass ( BB ) 
ACCENTUATE_THE_POSITIVE.MID,7,,1,,,,Bass ( BB ) 
ACCUSTOMED_TO_HER_FACE.MID,7,,1,,,,Bass ( BB ) 
AFRICAN_FLOWER.MID,7,,1,,,,Bass ( BB ) 
AFRO_BLUE.MID,7,,1,,,,Bass ( BB ) 
AINT_MISBEHAVIN.MID,7,,1,,,,Bass ( BB ) 
AIREGIN.MID,7,,1,,,,Bass ( BB ) 
ALICE_IN_WONDERLAND.MID,7,,1,,,,Bass ( BB ) 
ALLO.MID,7,,1,,,,Bass ( BB ) 
ALL_IN_LOVE_IS_FAIR.MID,7,,1,,,,Bass ( BB ) 
ALL_MY_TOMORROWS.MID,7,,1,,,,Bass ( BB ) 
ALL_OF_YOU.MID,7,,1,,,,Bass ( BB ) 
ALONE_TOGETHER.MID,7,,1,,,,Bass ( BB ) 
ALWAYS.MID,7,,1,,,,Bass ( BB ) 
AM_I_BLUE.MID,7,,1,,,,Bass ( BB ) 
ANA_MARIA.MID,7,,1,,,,Bass ( BB ) 
AND_I_LOVE_HER.MID,7,,1,,,,Bass ( BB ) 
ANGEL_EYES.MID,7,,1,,,,Bass ( BB ) 
ANOTHER_YOU_THERE_WILL_NEV.MID,7,,1,,,,Bass ( BB ) 
ANTHROPOLOGY.MID,7,,1,,,,Bass ( BB ) 
ANYTHING_FOR_YOU.MID,7,,1,,,,Bass ( BB ) 
ANYTHING_GOES.MID,7,,1,,,,Bass ( BB ) 
ANYWAY.MID,7,,1,,,,Bass ( BB ) 
ANY_TIME.MID,7,,1,,,,Bass ( BB ) 
APRIL_IN_PARIS.MID,7,,1,,,,Bass ( BB ) 
APRIL_JOY.MID,7,,1,,,,Bass ( BB ) 
ARMAGEDDON.MID,7,,1,,,,Bass ( BB ) 
AT_LAST_IVE_FOUND_YOU.MID,7,,1,,,,Bass ( BB ) 
AUTUMN_IN_NEW_YORK.MID,7,,1,,,,Bass ( BB ) 
AUTUMN_LEAVES.MID,7,,1,,,,Bass ( BB ) 
A_CHANCE_TO_TRY_AGAIN.MID,7,,1,,,,Bass ( BB ) 
A_Call_for_All_Demons.MID,7,,1,,,,Bass ( BB ) 
A_Certain_Smile.MID,7,,1,,,,Bass ( BB ) 
A_Child_is_Born.MID,7,,1,,,,Bass ( BB ) 
A_Cottage_For_Sale.MID,7,,1,,,,Bass ( BB ) 
A_FELICIDADE.MID,7,,1,,,,Bass ( BB ) 
A_FINAL_DRINK.MID,7,,1,,,,Bass ( BB ) 
A_Family_Joy.MID,7,,1,,,,Bass ( BB ) 
A_Foggy_Day.MID,7,,1,,,,Bass ( BB ) 
A_PURO_SOL.MID,7,,1,,,,Bass ( BB ) 
A_SUNDAY_KIND_OF_LOVE.MID,7,,1,,,,Bass ( BB ) 
A_Smooth_One.MID,7,,1,,,,Bass ( BB ) 
A_kiss_to_build_a_dream_on.MID,7,,1,,,,Bass ( BB ) 
A_lonely_man.MID,7,,1,,,,Bass ( BB ) 
A_nightingale_sang_in_Berke.MID,7,,1,,,,Bass ( BB ) 
AckVE.MID,7,,1,,,,Bass ( BB ) 
All_About_Ronnie.MID,7,,1,,,,Bass ( BB ) 
All_Blues.MID,7,,1,,,,Bass ( BB ) 
All_By_Myself.MID,7,,1,,,,Bass ( BB ) 
All_Gods_Chillun_Got_Rhyth.MID,7,,1,,,,Bass ( BB ) 
All_Of_Me.MID,7,,1,,,,Bass ( BB ) 
All_Or_Nothing_At_All.MID,7,,1,,,,Bass ( BB ) 
All_the_way_Jimmy_van_Heus.MID,7,,1,,,,Bass ( BB ) 
Almost_Like_Being_in_Love.MID,7,,1,,,,Bass ( BB ) 
Along_Came_Betty.MID,7,,1,,,,Bass ( BB ) 
Angel_Eyes.MID,7,,1,,,,Bass ( BB ) 
Antigua.MID,11,,1,,,,Bass ( BB ) 
As_Time_Goes_By.MID,7,,1,,,,Bass ( BB ) 
Au_Privave.MID,7,,1,,,,Bass ( BB ) 
Autumn_Leaves.MID,7,,1,,,,Bass ( BB ) 
Avant_de_Mourir.MID,7,,1,,,,Bass ( BB ) 
Ay_Arriba.MID,7,,1,,,,Bass ( BB ) 
BAGS_GROOVE_F_BLUES.MID,7,,1,,,,Bass ( BB ) 
BA_LUE_BOLIVAR_BA_LUES_ARE.MID,7,,1,,,,Bass ( BB ) 
BEAUTIFUL_LOVE.MID,7,,1,,,,Bass ( BB ) 
BEAUTY_AND_THE_BEAST.MID,7,,1,,,,Bass ( BB ) 
BEGINNING_TO_SEE_THE_LIGHT.MID,7,,1,,,,Bass ( BB ) 
BEMSHA_SWING.MID,7,,1,,,,Bass ( BB ) 
BESSIES_BLUES.MID,7,,1,,,,Bass ( BB ) 
BETTER_IN_FRENCH.MID,7,,1,,,,Bass ( BB ) 
BEWITCHED.MID,7,,1,,,,Bass ( BB ) 
BE_CERTAIN.MID,7,,1,,,,Bass ( BB ) 
BIG_NICK.MID,7,,1,,,,Bass ( BB ) 
BILLY_BOY.MID,7,,1,,,,Bass ( BB ) 
BLACK_DIAMOND.MID,7,,1,,,,Bass ( BB ) 
BLACK_NARCISSUS.MID,7,,1,,,,Bass ( BB ) 
BLUESETTE.MID,7,,1,,,,Bass ( BB ) 
BLUES_RIFF.MID,7,,1,,,,Bass ( BB ) 
BLUE_BOSSA.MID,7,,1,,,,Bass ( BB ) 
BLUE_COMEDY.MID,7,,1,,,,Bass ( BB ) 
BLUE_MONK.MID,7,,1,,,,Bass ( BB ) 
BLUE_MOON.MID,7,,1,,,,Bass ( BB ) 
BLUE_ROOM.MID,7,,1,,,,Bass ( BB ) 
BLUE_TRANE.MID,7,,1,,,,Bass ( BB ) 
BODY_AND_SOUL.MID,7,,1,,,,Bass ( BB ) 
BOPLICITY.MID,7,,1,,,,Bass ( BB ) 
BORN_TO_BE_BLUE.MID,7,,1,,,,Bass ( BB ) 
BOTH_SIDES_NOW.MID,7,,1,,,,Bass ( BB ) 
BREEZIN.MID,7,,1,,,,Bass ( BB ) 
BRIGHT_MISSISSIPPI.MID,7,,1,,,,Bass ( BB ) 
BRIGHT_SIZE_LIFE.MID,7,,1,,,,Bass ( BB ) 
BRILLIANT_CORNERS.MID,7,,1,,,,Bass ( BB ) 
BRITE_BREEZY.MID,7,,1,,,,Bass ( BB ) 
BULLET_TRAIN.MID,7,,1,,,,Bass ( BB ) 
BUT_BEAUTIFUL_Jimmy_van_He.MID,7,,1,,,,Bass ( BB ) 
BUT_NOT_FOR_ME.MID,7,,1,,,,Bass ( BB ) 
BYE_BYE_BLACKBIRD.MID,7,,1,,,,Bass ( BB ) 
Backstage_Sally.MID,7,,1,,,,Bass ( BB ) 
Birks_works_Dizzy_Gillesp.MID,7,,1,,,,Bass ( BB ) 
Black_Coffee.MID,7,,1,,,,Bass ( BB ) 
Black_Nile.MID,7,,1,,,,Bass ( BB ) 
Black_Orpheus_Orfeo_Negro.MID,7,,1,,,,Bass ( BB ) 
Black_Velvet_Alann.MID,7,,1,,,,Bass ( BB ) 
Blame_It_On_My_Youth.MID,7,,1,,,,Bass ( BB ) 
Blue_Skies.MID,7,,1,,,,Bass ( BB ) 
Blue_in_Green.MID,7,,1,,,,Bass ( BB ) 
Bluemax.MID,7,,1,,,,Bass ( BB ) 
Blues_Backstage_Frank_Fost.MID,7,,1,,,,Bass ( BB ) 
Blues_For_Alice.MID,7,,1,,,,Bass ( BB ) 
Blues_March.MID,7,,1,,,,Bass ( BB ) 
Brainville.MID,7,,1,,,,Bass ( BB ) 
But_Beautiful.MID,7,,1,,,,Bass ( BB ) 
But_Not_For_Me_Verse.MID,7,,1,,,,Bass ( BB ) 
By_Myself.MID,7,,1,,,,Bass ( BB ) 
CALL_IT_A_SUMMER_DAY.MID,7,,1,,,,Bass ( BB ) 
CANDLE_GLOW.MID,7,,1,,,,Bass ( BB ) 
CANDYMAN.MID,7,,1,,,,Bass ( BB ) 
CANT_BUY_ME_LOVE.MID,7,,1,,,,Bass ( BB ) 
CANT_WE_BE_FRIENDS.MID,7,,1,,,,Bass ( BB ) 
CAPTAIN_MARVEL.MID,7,,1,,,,Bass ( BB ) 
CARNIVAL.MID,7,,1,,,,Bass ( BB ) 
CEORA.MID,7,,1,,,,Bass ( BB ) 
CHACQUE_FOIS.MID,7,,1,,,,Bass ( BB ) 
CHARLSTON.MID,7,,1,,,,Bass ( BB ) 
CHATTENOOGA_CHOO_CHOO.MID,7,,1,,,,Bass ( BB ) 
CHILD_IS_BORN_A.MID,7,,1,,,,Bass ( BB ) 
CHRISTMAS_IS_HERE.MID,7,,1,,,,Bass ( BB ) 
CHRISTMAS_SONG.MID,7,,1,,,,Bass ( BB ) 
CLEAR_DAY_ON_A.MID,7,,1,,,,Bass ( BB ) 
CLOSE_TO_YOU.MID,7,,1,,,,Bass ( BB ) 
COME_SUNDAY.MID,7,,1,,,,Bass ( BB ) 
CONFESSIN_THAT_I_LOVE_YOU.MID,7,,1,,,,Bass ( BB ) 
CORAL.MID,7,,1,,,,Bass ( BB ) 
CORCOVADO.MID,7,,1,,,,Bass ( BB ) 
COTTONTAIL.MID,7,,1,,,,Bass ( BB ) 
COULD_IT_BE_YOU.MID,7,,1,,,,Bass ( BB ) 
COUNTDOWN.MID,7,,1,,,,Bass ( BB ) 
COUNTRY_NIGHTS.MID,7,,1,,,,Bass ( BB ) 
CRAZY.MID,7,,1,,,,Bass ( BB ) 
CRISS_CROSS.MID,7,,1,,,,Bass ( BB ) 
CRUISING_AROUND.MID,7,,1,,,,Bass ( BB ) 
CRUSH_ON_YOU_IVE_GOT_A.MID,7,,1,,,,Bass ( BB ) 
CRYSTAL_SILENCE.MID,7,,1,,,,Bass ( BB ) 
CRY_ME_A_RIVER.MID,7,,1,,,,Bass ( BB ) 
CUANDO_CUANDO.MID,7,,1,,,,Bass ( BB ) 
CUTE.MID,7,,1,,,,Bass ( BB ) 
Cabaret_Fred_Ebb_John.MID,7,,1,,,,Bass ( BB ) 
Candy.MID,7,,1,,,,Bass ( BB ) 
Cant_Help_Lovin_That_Ma.MID,7,,1,,,,Bass ( BB ) 
Caravan.MID,7,,1,,,,Bass ( BB ) 
Carioca.MID,7,,1,,,,Bass ( BB ) 
Cheek_to_Cheek_Berlin.MID,7,,1,,,,Bass ( BB ) 
Chega_De_Saudade_No_More_B.MID,7,,1,,,,Bass ( BB ) 
City_of_New_Orleans...by_S.MID,7,,1,,,,Bass ( BB ) 
Come_Rain_or_Come_Shine.MID,7,,1,,,,Bass ( BB ) 
Con_Alma.MID,7,,1,,,,Bass ( BB ) 
Conception.MID,7,,1,,,,Bass ( BB ) 
Confirmation.MID,7,,1,,,,Bass ( BB ) 
Cooking_in_Your_Head.MID,7,,1,,,,Bass ( BB ) 
Corcovado_Quiet_Nights_of.MID,7,,1,,,,Bass ( BB ) 
Cry_Me_A_River.MID,7,,1,,,,Bass ( BB ) 
DAAHOUD.MID,7,,1,,,,Bass ( BB ) 
DANCING_ON_THE_CEILING.MID,7,,1,,,,Bass ( BB ) 
DANNY_BOY.MID,7,,1,,,,Bass ( BB ) 
DARN_THAT_DREAM.MID,7,,1,,,,Bass ( BB ) 
DARN_THAT_DREAM_Jimmy_van.MID,7,,1,,,,Bass ( BB ) 
DEARLY_BELOVED.MID,7,,1,,,,Bass ( BB ) 
DEAR_ACQUAINTANCE.MID,7,,1,,,,Bass ( BB ) 
DEAR_OLD_STOCKHOLM.MID,7,,1,,,,Bass ( BB ) 
DEED_I_DO.MID,7,,1,,,,Bass ( BB ) 
DEEP_PURPLE.MID,7,,1,,,,Bass ( BB ) 
DELORES.MID,7,,1,,,,Bass ( BB ) 
DELUGE.MID,7,,1,,,,Bass ( BB ) 
DESAFINADO.MID,7,,1,,,,Bass ( BB ) 
DJANGO.MID,7,,1,,,,Bass ( BB ) 
DOLPHIN_DANCE.MID,7,,1,,,,Bass ( BB ) 
DONT_BLAME_ME.MID,7,,1,,,,Bass ( BB ) 
DONT_FEEL_TOO_SORRY_FOR_ME.MID,7,,1,,,,Bass ( BB ) 
DONT_GET_AROUND_MUCH_ANYMO.MID,7,,1,,,,Bass ( BB ) 
DONT_MEAN_A_THING_IT.MID,7,,1,,,,Bass ( BB ) 
DOUJIE.MID,7,,1,,,,Bass ( BB ) 
DO_NOTHIN_TIL_YOU_HEAR_FR.MID,7,,1,,,,Bass ( BB ) 
DREAM.MID,17,,1,,,,Bass ( BB ) 
Darn_That_Dream.MID,7,,1,,,,Bass ( BB ) 
Days_of_Wine_and_Roses.MID,7,,1,,,,Bass ( BB ) 
Days_of_Wine_and_Roses_The.MID,7,,1,,,,Bass ( BB ) 
De_Pois_Do_Amor_OVazio.MID,7,,1,,,,Bass ( BB ) 
Deacon_Blues_see_memo.MID,7,,1,,,,Bass ( BB ) 
Deed_I_Do.MID,7,,1,,,,Bass ( BB ) 
Delias_gone_Blake.MID,7,,1,,,,Bass ( BB ) 
Dialog.MID,7,,1,,,,Bass ( BB ) 
Dindi.MID,7,,1,,,,Bass ( BB ) 
Do_You_Know_What_It_Means.MID,7,,1,,,,Bass ( BB ) 
Dont_get_around_much_more.MID,7,,1,,,,Bass ( BB ) 
Driftin.MID,7,,1,,,,Bass ( BB ) 
E.S.P..MID,7,,1,,,,Bass ( BB ) 
EASY_LIVING.MID,7,,1,,,,Bass ( BB ) 
EDELWEISS.MID,7,,1,,,,Bass ( BB ) 
EIGHTY_ONE.MID,7,,1,,,,Bass ( BB ) 
EL_GAUCHO.MID,7,,1,,,,Bass ( BB ) 
EMBRACEABLE_YOU.MID,7,,1,,,,Bass ( BB ) 
EPISTROPHY.MID,7,,1,,,,Bass ( BB ) 
EQUINOX.MID,7,,1,,,,Bass ( BB ) 
ERONEL.MID,7,,1,,,,Bass ( BB ) 
EVERYTHING_IS_BEAUTIFUL.MID,7,,1,,,,Bass ( BB ) 
EVERYTHING_I_HAVE_IS_YOURS.MID,7,,1,,,,Bass ( BB ) 
EVIDENCE.MID,7,,1,,,,Bass ( BB ) 
EXACTLY_LIKE_YOU.MID,7,,1,,,,Bass ( BB ) 
EXCERCISE_#3_MISSOURI_UNC.MID,7,,1,,,,Bass ( BB ) 
EXERCISE_#6_Unity_Village.MID,7,,1,,,,Bass ( BB ) 
East_of_the_Sun.MID,7,,1,,,,Bass ( BB ) 
Easy_to_Love.MID,7,,1,,,,Bass ( BB ) 
Elsa.MID,7,,1,,,,Bass ( BB ) 
Equipoise.MID,7,,1,,,,Bass ( BB ) 
Evergreen.MID,7,,1,,,,Bass ( BB ) 
FALL.MID,7,,1,,,,Bass ( BB ) 
FALLING_GRACE.MID,7,,1,,,,Bass ( BB ) 
FASCINATIN_RHYTHM.MID,7,,1,,,,Bass ( BB ) 
FEELS_SO_GOOD.MID,7,,1,,,,Bass ( BB ) 
FEE_FI_FO_FUM.MID,7,,1,,,,Bass ( BB ) 
FIFTY_SECOND_STREET_THEME.MID,7,,1,,,,Bass ( BB ) 
FINE_ROMANCE.MID,7,,1,,,,Bass ( BB ) 
FIVE_0_TWO_BLUES.MID,7,,1,,,,Bass ( BB ) 
FIVE_HUNDRED_MILES_HIGH.MID,7,,1,,,,Bass ( BB ) 
FLINTSTONES_THEME.MID,7,,1,,,,Bass ( BB ) 
FLY_AWAY.MID,7,,1,,,,Bass ( BB ) 
FLY_ME_TO_THE_MOON.MID,7,,1,,,,Bass ( BB ) 
FOGGY_DAY.MID,7,,1,,,,Bass ( BB ) 
FOOLISH_HEART_MY.MID,7,,1,,,,Bass ( BB ) 
FOOLISH_THINGS_THESE.MID,7,,1,,,,Bass ( BB ) 
FOOLS_RUSH_IN.MID,7,,1,,,,Bass ( BB ) 
FREE_FOR_ALL.MID,7,,1,,,,Bass ( BB ) 
FRENESI.MID,7,,1,,,,Bass ( BB ) 
Fables_of_Faubus.MID,7,,1,,,,Bass ( BB ) 
Falling_in_Love_w_Love_Joe.MID,7,,1,,,,Bass ( BB ) 
Feest.MID,7,,1,,,,Bass ( BB ) 
Fia_Pash.MID,7,,1,,,,Bass ( BB ) 
Flamingo.MID,9,,1,,,,Bass ( BB ) 
Friday_night_at_the_Cadilla.MID,7,,1,,,,Bass ( BB ) 
From_This_Moment_On.MID,7,,1,,,,Bass ( BB ) 
GENTLE_RAIN.MID,7,,1,,,,Bass ( BB ) 
GEORGIA.MID,7,,1,,,,Bass ( BB ) 
GETTIN_SENTIMENTAL_OVER_YO.MID,7,,1,,,,Bass ( BB ) 
GET_ME_TO_THE_CHURCH.MID,7,,1,,,,Bass ( BB ) 
GHOST_OF_A_CHANCE.MID,7,,1,,,,Bass ( BB ) 
GIRL_TALK.MID,7,,1,,,,Bass ( BB ) 
GOD_BLESS_THE_CHILD.MID,7,,1,,,,Bass ( BB ) 
GOOD_BAIT_TODD_DAMERON.MID,7,,1,,,,Bass ( BB ) 
Gatorwhale_by_W._Jackson.MID,7,,1,,,,Bass ( BB ) 
Gettin_it_right.MID,7,,1,,,,Bass ( BB ) 
Giant_Steps.MID,7,,1,,,,Bass ( BB ) 
Giant_steps_J.Coltrane.MID,7,,1,,,,Bass ( BB ) 
Girl_from_Ipanema.MID,7,,1,,,,Bass ( BB ) 
Glorias_step_Scott_LaFaro.MID,7,,1,,,,Bass ( BB ) 
Glow_Worm.MID,7,,1,,,,Bass ( BB ) 
God_Bless_The_Child.MID,7,,1,,,,Bass ( BB ) 
HACKENSACK.MID,7,,1,,,,Bass ( BB ) 
HAD_TO_BE_YOU_IT.MID,7,,1,,,,Bass ( BB ) 
HALF_NELSON.MID,7,,1,,,,Bass ( BB ) 
HANDYMAN.MID,7,,1,,,,Bass ( BB ) 
HAPPY_HAPPY_BIRTHDAY_BABY.MID,7,,1,,,,Bass ( BB ) 
HARD_DAYS_NIGHT.MID,7,,1,,,,Bass ( BB ) 
HAVE_ANOTHER.MID,7,,1,,,,Bass ( BB ) 
HAWAIIAN_WEDDING_SONG.MID,7,,1,,,,Bass ( BB ) 
HEAVEN_D.Ellington.MID,7,,1,,,,Bass ( BB ) 
HELP_ME_MAKE_IT_THROUGH_THE.MID,7,,1,,,,Bass ( BB ) 
HERES_THAT_RAINY_DAY.MID,7,,1,,,,Bass ( BB ) 
HERES_TO_YOU.MID,7,,1,,,,Bass ( BB ) 
HERE_COMES_THE_SUN.MID,7,,1,,,,Bass ( BB ) 
HERE_THERE_AND_EVERYWHERE.MID,7,,1,,,,Bass ( BB ) 
HES_GOT_THE_WHOLE_WORLD_IN.MID,7,,1,,,,Bass ( BB ) 
HEY_JUDE.MID,7,,1,,,,Bass ( BB ) 
HEY_MISTER.MID,7,,1,,,,Bass ( BB ) 
HEY_THERE.MID,7,,1,,,,Bass ( BB ) 
HE_AINT_HEAVY..HES_MY_BRO.MID,7,,1,,,,Bass ( BB ) 
HONEYSUCKLE_ROSE.MID,7,,1,,,,Bass ( BB ) 
HOUSE_OF_JADE.MID,7,,1,,,,Bass ( BB ) 
HOW_ABOUT_YOU.MID,7,,1,,,,Bass ( BB ) 
HOW_ABOUT_YOUJimmy_van_H.MID,7,,1,,,,Bass ( BB ) 
HOW_DEEP_IS_YOUR_LOVE.MID,7,,1,,,,Bass ( BB ) 
HOW_HIGH_THE_MOON.MID,7,,1,,,,Bass ( BB ) 
HOW_INSENSITIVE.MID,7,,1,,,,Bass ( BB ) 
HOW_LONG_HAS_THIS_BEEN_GOIN.MID,7,,1,,,,Bass ( BB ) 
HOW_SWEET_IT_IS_TO_BE_LOVED.MID,7,,1,,,,Bass ( BB ) 
Hand_in_hand.MID,7,,1,,,,Bass ( BB ) 
Harlem_Nocturne.MID,7,,1,,,,Bass ( BB ) 
Hassles_Just_Friends_by_R.MID,7,,1,,,,Bass ( BB ) 
Have_A_Nice_Day_By_Will.MID,7,,1,,,,Bass ( BB ) 
Have_You_Met_Miss_Jones.MID,7,,1,,,,Bass ( BB ) 
Havona.MID,7,,1,,,,Bass ( BB ) 
Heal_My_Heart_Continentals.MID,13,,1,,,,Bass ( BB ) 
Heigh_ho_Morey_Churchill.MID,7,,1,,,,Bass ( BB ) 
Hello_Dolly.MID,7,,1,,,,Bass ( BB ) 
High_Society_Steele_Melros.MID,7,,1,,,,Bass ( BB ) 
Hommage_a_Enelram_Astening.MID,7,,1,,,,Bass ( BB ) 
Honeysuckle_Rose.MID,7,,1,,,,Bass ( BB ) 
Hou_vol.MID,7,,1,,,,Bass ( BB ) 
How_deep_is_the_ocean.MID,7,,1,,,,Bass ( BB ) 
ICARUS.MID,7,,1,,,,Bass ( BB ) 
IF_I_FELL.MID,7,,1,,,,Bass ( BB ) 
IF_YOU_COULD_SEE_ME_NOW.MID,7,,1,,,,Bass ( BB ) 
IF_YOU_NEVER_COME_TO_ME.MID,7,,1,,,,Bass ( BB ) 
IF_lyrics_expanded.MID,7,,1,,,,Bass ( BB ) 
ILL_BE_AROUND.MID,7,,1,,,,Bass ( BB ) 
ILL_BE_SEEING_YOU.MID,7,,1,,,,Bass ( BB ) 
ILL_GET_BY.MID,7,,1,,,,Bass ( BB ) 
ILL_NEVER_SMILE_AGAIN.MID,7,,1,,,,Bass ( BB ) 
ILL_REMEMBER_APRIL.MID,7,,1,,,,Bass ( BB ) 
IMAGINATION.MID,7,,1,,,,Bass ( BB ) 
IMAGINATION_J.van_Heusen.MID,7,,1,,,,Bass ( BB ) 
IMPRESSIONS.MID,7,,1,,,,Bass ( BB ) 
IM_ALL_SMILES.MID,7,,1,,,,Bass ( BB ) 
IM_A_FOOL_TO_WANT_YOU.MID,7,,1,,,,Bass ( BB ) 
IM_BEGINNING_TO_SEE_THE_LI.MID,7,,1,,,,Bass ( BB ) 
IM_IN_THE_MOOD_FOR_LOVE.MID,7,,1,,,,Bass ( BB ) 
IM_STUCK_WITH_YOU.MID,7,,1,,,,Bass ( BB ) 
IM_WALKIN.MID,7,,1,,,,Bass ( BB ) 
INDIANA_BACK_HOME_AGAIN_IN.MID,7,,1,,,,Bass ( BB ) 
INNER_URGE.MID,7,,1,,,,Bass ( BB ) 
INVITATION.MID,7,,1,,,,Bass ( BB ) 
IN_A_MELLOWTONE.MID,7,,1,,,,Bass ( BB ) 
IN_THE_STILL_OF_THE_NIGHT.MID,7,,1,,,,Bass ( BB ) 
IN_WALKED_BUD.MID,7,,1,,,,Bass ( BB ) 
IN_YOUR_OWN_SWEET_WAY_w_8.MID,7,,1,,,,Bass ( BB ) 
IPANEMA_THE_GIRL_FROM.MID,7,,1,,,,Bass ( BB ) 
ISNT_IT_ROMANTIC.MID,7,,1,,,,Bass ( BB ) 
ISNT_SHE_LOVELY.MID,7,,1,,,,Bass ( BB ) 
ISOTOPE.MID,7,,1,,,,Bass ( BB ) 
ISRAEL.MID,7,,1,,,,Bass ( BB ) 
ITS_IMPOSSIBLE.MID,7,,1,,,,Bass ( BB ) 
ITS_MY_BIRTHDAY.MID,7,,1,,,,Bass ( BB ) 
ITS_NOW_OR_NEVER.MID,7,,1,,,,Bass ( BB ) 
ITS_YOU_OR_NO_ONE.MID,7,,1,,,,Bass ( BB ) 
IT_COULD_HAPPEN_TO_YOU.MID,7,,1,,,,Bass ( BB ) 
I_CANT_GIVE_YOU_ANYTHING_B.MID,7,,1,,,,Bass ( BB ) 
I_CANT_HELP_FALLING_IN_LOV.MID,7,,1,,,,Bass ( BB ) 
I_COULD_HAVE_DANCED_ALL_NIG.MID,7,,1,,,,Bass ( BB ) 
I_COVER_THE_WATERFRONT.MID,7,,1,,,,Bass ( BB ) 
I_CRIED_FOR_YOU.MID,7,,1,,,,Bass ( BB ) 
I_Cant_Get_Started.MID,7,,1,,,,Bass ( BB ) 
I_Could_Write_a_Book.MID,7,,1,,,,Bass ( BB ) 
I_DONT_KNOW_WHY.MID,7,,1,,,,Bass ( BB ) 
I_DONT_WANT_TO_SAY_GOOD_BY.MID,7,,1,,,,Bass ( BB ) 
I_FALL_TO_PIECES.MID,7,,1,,,,Bass ( BB ) 
I_GOT_RHYTHM.MID,7,,1,,,,Bass ( BB ) 
I_Got_It_Bad.MID,7,,1,,,,Bass ( BB ) 
I_HEAR_A_RHAPSODY.MID,7,,1,,,,Bass ( BB ) 
I_JUST_CALLED_TO_SAY_I_LOVE.MID,7,,1,,,,Bass ( BB ) 
I_LEFT_MY_HEART_IN_SAN_FRAN.MID,7,,1,,,,Bass ( BB ) 
I_LET_A_SONG_GO_OUT_OF_MY.MID,7,,1,,,,Bass ( BB ) 
I_Left_My_Heart_In_San_Fr.MID,7,,1,,,,Bass ( BB ) 
I_Love_You.MID,7,,1,,,,Bass ( BB ) 
I_Need_A_Saviour_Kenny_Mar.MID,7,,1,,,,Bass ( BB ) 
I_REMEMBER_CLIFFORD.MID,7,,1,,,,Bass ( BB ) 
I_REMEMBER_YOU.MID,7,,1,,,,Bass ( BB ) 
I_SAW_HER_STANDING_THERE.MID,7,,1,,,,Bass ( BB ) 
I_SHALL_PASS_THIS_WAY_BUT_O.MID,7,,1,,,,Bass ( BB ) 
I_SHOULD_CARE.MID,7,,1,,,,Bass ( BB ) 
I_SURRENDER_DEAR.MID,7,,1,,,,Bass ( BB ) 
I_THOUGHT_ABOUT_YOU.MID,7,,1,,,,Bass ( BB ) 
I_THOUGHT_ABOUT_YOU_JvH.MID,7,,1,,,,Bass ( BB ) 
I_WANT_TO_HOLD_YOUR_HAND.MID,7,,1,,,,Bass ( BB ) 
I_WILL_WAIT_FOR_YOU.MID,7,,1,,,,Bass ( BB ) 
I_WISH_YOU_LOVE.MID,7,,1,,,,Bass ( BB ) 
I_WONT_DANCE.MID,7,,1,,,,Bass ( BB ) 
I_WRITE_THE_SONGS.MID,7,,1,,,,Bass ( BB ) 
I_Want_a_Little_Girl.MID,7,,1,,,,Bass ( BB ) 
I_cant_believe_that_youre.MID,7,,1,,,,Bass ( BB ) 
I_love_you_just_the_way_you.MID,7,,1,,,,Bass ( BB ) 
Ice_Cream_King_Mole_Johnso.MID,7,,1,,,,Bass ( BB ) 
If_I_had_you.MID,7,,1,,,,Bass ( BB ) 
Ik_zoek_je.MID,7,,1,,,,Bass ( BB ) 
Ill_Get_By_As_Long_As_I.MID,7,,1,,,,Bass ( BB ) 
Ill_Never_Smile_Again.MID,7,,1,,,,Bass ( BB ) 
Im_Confessin_That_I_Lov.MID,7,,1,,,,Bass ( BB ) 
Im_Glad_There_Is_You.MID,7,,1,,,,Bass ( BB ) 
Im_in_the_mood_for_swing.MID,7,,1,,,,Bass ( BB ) 
In_A_Mellow_Tone.MID,7,,1,,,,Bass ( BB ) 
In_Your_Own_Sweet_Way.MID,7,,1,,,,Bass ( BB ) 
In_the_Kingdom_Whitecross.MID,7,,1,,,,Bass ( BB ) 
Interplay.MID,7,,1,,,,Bass ( BB ) 
It_Might_As_Will_Be_Sprin.MID,7,,1,,,,Bass ( BB ) 
It_Only_Hurts_For_A_Little.MID,7,,1,,,,Bass ( BB ) 
It_had_to_be_you.MID,7,,1,,,,Bass ( BB ) 
It_hurts_me_to.MID,7,,1,,,,Bass ( BB ) 
Its_Not_For_Me_To_Say.MID,7,,1,,,,Bass ( BB ) 
Its_Only_A_Paper_Moon.MID,7,,1,,,,Bass ( BB ) 
Its_Only_a_Paper_Moon.MID,7,,1,,,,Bass ( BB ) 
Ive_Heard_That_Song_Befo.MID,7,,1,,,,Bass ( BB ) 
JACKIE_ING.MID,7,,1,,,,Bass ( BB ) 
JAMAICA_FAREWELL.MID,7,,1,,,,Bass ( BB ) 
JEAN.MID,7,,1,,,,Bass ( BB ) 
JE_VOUS_AIME_BEACOUP_DARLI.MID,7,,1,,,,Bass ( BB ) 
JINRIKSHA.MID,7,,1,,,,Bass ( BB ) 
JOHNNY_B._GOODE.MID,7,,1,,,,Bass ( BB ) 
JORDU.MID,7,,1,,,,Bass ( BB ) 
JOSIE.MID,7,,1,,,,Bass ( BB ) 
JOY_SPRING.MID,7,,1,,,,Bass ( BB ) 
JOY_TO_THE_WORLD.MID,7,,1,,,,Bass ( BB ) 
JUMPIN_JACK_FLASH.MID,7,,1,,,,Bass ( BB ) 
JUST_FRIENDS.MID,7,,1,,,,Bass ( BB ) 
JUST_IN_TIME.MID,7,,1,,,,Bass ( BB ) 
JUST_THE_WAY_YOU_ARE.MID,7,,1,,,,Bass ( BB ) 
JUST_THE_WAY_YOU_LOOK_TONIG.MID,7,,1,,,,Bass ( BB ) 
JU_JU.MID,7,,1,,,,Bass ( BB ) 
Johnny_One_Note.MID,7,,1,,,,Bass ( BB ) 
Jump_Monk.MID,7,,1,,,,Bass ( BB ) 
Just_A_Few_by_Shorty_Rogers.MID,7,,1,,,,Bass ( BB ) 
Just_In_Time.MID,7,,1,,,,Bass ( BB ) 
KANSAS_CITY.MID,7,,1,,,,Bass ( BB ) 
KEEP_A_KNOCKIN.MID,7,,1,,,,Bass ( BB ) 
KILLING_ME_SOFTLY.MID,7,,1,,,,Bass ( BB ) 
KING_OF_THE_ROAD.MID,7,,1,,,,Bass ( BB ) 
Killer_Joe.MID,7,,1,,,,Bass ( BB ) 
Killer_Queen.MID,7,,1,,,,Bass ( BB ) 
Knock_Three_Times_Medley.MID,7,,1,,,,Bass ( BB ) 
LADY_BE_GOOD.MID,7,,1,,,,Bass ( BB ) 
LADY_BIRD.MID,7,,1,,,,Bass ( BB ) 
LADY_IS_A_TRAMP.MID,7,,1,,,,Bass ( BB ) 
LAND_OF_DREAMS.MID,7,,1,,,,Bass ( BB ) 
LAURA.MID,7,,1,,,,Bass ( BB ) 
LAZYBIRD.MID,7,,1,,,,Bass ( BB ) 
LETS_COOL_ONE.MID,7,,1,,,,Bass ( BB ) 
LETS_DO_LUNCH_SOMETIME.MID,7,,1,,,,Bass ( BB ) 
LETS_FORM_A_COMMITTE.MID,7,,1,,,,Bass ( BB ) 
LET_THE_FOUR_WINDS_BLOW.MID,7,,1,,,,Bass ( BB ) 
LE_SIROP_DERABLE.MID,7,,1,,,,Bass ( BB ) 
LIGHT_MY_FIRE.MID,7,,1,,,,Bass ( BB ) 
LIKE_A_LOVER.MID,7,,1,,,,Bass ( BB ) 
LIKE_SOMEONE_IN_LOVE.MID,7,,1,,,,Bass ( BB ) 
LIKE_SOMEONE_IN_LOVE_JvH.MID,7,,1,,,,Bass ( BB ) 
LIMEHOUSE_BLUES.MID,7,,1,,,,Bass ( BB ) 
LINDA_POLKA.MID,7,,1,,,,Bass ( BB ) 
LITTLE_GIRLS.MID,7,,1,,,,Bass ( BB ) 
LITTLE_ROTTIE_TOOTIE.MID,7,,1,,,,Bass ( BB ) 
LITTLE_TOWN_NAMED_PARIS.MID,7,,1,,,,Bass ( BB ) 
LJ.MID,7,,1,,,,Bass ( BB ) 
LONG_AGO_AND_FAR_AWAY.MID,7,,1,,,,Bass ( BB ) 
LONG_AND_WINDING_ROAD_THE.MID,7,,1,,,,Bass ( BB ) 
LOOK_TO_THE_SKY.MID,7,,1,,,,Bass ( BB ) 
LOST_ONE.MID,7,,1,,,,Bass ( BB ) 
LOVER_MAN.MID,7,,1,,,,Bass ( BB ) 
LOVE_IN_THE_NICK_OF_TIME.MID,7,,1,,,,Bass ( BB ) 
LOVE_LETTERS_IN_THE_SAND.MID,7,,1,,,,Bass ( BB ) 
LOVE_ME_TENDER.MID,7,,1,,,,Bass ( BB ) 
LOVE_WILL_KEEP_US_TOGETHER.MID,7,,1,,,,Bass ( BB ) 
LUCKY_SOUTHERN.MID,7,,1,,,,Bass ( BB ) 
LULLABY_OF_BIRDLAND.MID,7,,1,,,,Bass ( BB ) 
LULUS_BACK_IN_TOWN.MID,7,,1,,,,Bass ( BB ) 
La_Champagne.MID,7,,1,,,,Bass ( BB ) 
Lament.MID,7,,1,,,,Bass ( BB ) 
Les_Paul.MID,7,,1,,,,Bass ( BB ) 
Let_It_Be_The_Beatles.MID,7,,1,,,,Bass ( BB ) 
Let_It_Grow_Eric_Clapton.MID,7,,1,,,,Bass ( BB ) 
Let_There_Be_Love.MID,7,,1,,,,Bass ( BB ) 
Lets_Call_The_Whole_Thing.MID,7,,1,,,,Bass ( BB ) 
Lets_Fall_In_Love.MID,7,,1,,,,Bass ( BB ) 
Light_My_Fire_The_Doors.MID,7,,1,,,,Bass ( BB ) 
Lightly_in_the_Basie_style.MID,7,,1,,,,Bass ( BB ) 
Little_Waltz.MID,7,,1,,,,Bass ( BB ) 
Look_for_the_silver_lining.MID,7,,1,,,,Bass ( BB ) 
Love_For_Sale.MID,7,,1,,,,Bass ( BB ) 
Love_is_Blue_A._Popp_P.MID,7,,1,,,,Bass ( BB ) 
Lullaby_of_the_leaves.MID,7,,1,,,,Bass ( BB ) 
Lush_Life.MID,7,,1,,,,Bass ( BB ) 
MAIDEN_VOYAGE.MID,7,,1,,,,Bass ( BB ) 
MAJOONG.MID,7,,1,,,,Bass ( BB ) 
MAKE_SOMEONE_HAPPY.MID,7,,1,,,,Bass ( BB ) 
MAME.MID,7,,1,,,,Bass ( BB ) 
MANANA.MID,7,,1,,,,Bass ( BB ) 
MARGIE.MID,7,,1,,,,Bass ( BB ) 
MARYS_BOYCHILD.MID,7,,1,,,,Bass ( BB ) 
MASQUERADE_THIS.MID,7,,1,,,,Bass ( BB ) 
MAXINE_4_bar_intro.MID,7,,1,,,,Bass ( BB ) 
MEAN_TO_ME.MID,7,,1,,,,Bass ( BB ) 
MEDITATION.MID,7,,1,,,,Bass ( BB ) 
MEMORIES_OF_YOU.MID,7,,1,,,,Bass ( BB ) 
MEMPHIS.MID,7,,1,,,,Bass ( BB ) 
MERRILYNNE.MID,7,,1,,,,Bass ( BB ) 
MICHELLE.MID,7,,1,,,,Bass ( BB ) 
MIDNIGHT_BLUE.MID,7,,1,,,,Bass ( BB ) 
MIDNIGHT_SUN.MID,7,,1,,,,Bass ( BB ) 
MILESTONES.MID,7,,1,,,,Bass ( BB ) 
MISSOURI_UNCOMPROMISED.MID,7,,1,,,,Bass ( BB ) 
MISTY.MID,7,,1,,,,Bass ( BB ) 
MIYAKO.MID,7,,1,,,,Bass ( BB ) 
MOCKIN_BIRD_HILL.MID,7,,1,,,,Bass ( BB ) 
MOMENTS_NOTICE.MID,7,,1,,,,Bass ( BB ) 
MONKS_MOOD.MID,7,,1,,,,Bass ( BB ) 
MOOD_INDIGO.MID,7,,1,,,,Bass ( BB ) 
MOONGLOW.MID,7,,1,,,,Bass ( BB ) 
MOONLIGHT_AND_ROSES.MID,7,,1,,,,Bass ( BB ) 
MOONLIGHT_COCKTAIL.MID,7,,1,,,,Bass ( BB ) 
MOONLIGHT_IN_VERMONT.MID,7,,1,,,,Bass ( BB ) 
MOON_LOVE.MID,7,,1,,,,Bass ( BB ) 
MOON_RIVER.MID,7,,1,,,,Bass ( BB ) 
MOOSE_THE_MOOCHE.MID,7,,1,,,,Bass ( BB ) 
MORE.MID,7,,1,,,,Bass ( BB ) 
MORE_THAN_YOU_KNOW.MID,7,,1,,,,Bass ( BB ) 
MOST_EVRY_MORNING.MID,7,,1,,,,Bass ( BB ) 
MR._P.C..MID,7,,1,,,,Bass ( BB ) 
MYSTERIOSO.MID,7,,1,,,,Bass ( BB ) 
MY_BLUE_HEAVEN.MID,7,,1,,,,Bass ( BB ) 
MY_FAVOURITE_THINGS.MID,7,,1,,,,Bass ( BB ) 
MY_HEART_BELONGS_TO_DADDY.MID,7,,1,,,,Bass ( BB ) 
MY_LITTLE_SUEDE_SHOES.MID,7,,1,,,,Bass ( BB ) 
MY_OLD_FLAME.MID,7,,1,,,,Bass ( BB ) 
MY_ONE_AND_ONLY_LOVE.MID,7,,1,,,,Bass ( BB ) 
MY_ROMANCE.MID,7,,1,,,,Bass ( BB ) 
MY_SHINING_HOUR.MID,7,,1,,,,Bass ( BB ) 
MY_SHIP.MID,7,,1,,,,Bass ( BB ) 
MY_SWEET_LORD.MID,7,,1,,,,Bass ( BB ) 
Ma_Cherry_Amoure.MID,7,,1,,,,Bass ( BB ) 
Mad_About_The_Boy.MID,7,,1,,,,Bass ( BB ) 
Make_Someone_Happy.MID,7,,1,,,,Bass ( BB ) 
Mandy.MID,9,,1,,,,Bass ( BB ) 
Manteca.MID,7,,1,,,,Bass ( BB ) 
Maputo_see_memo.MID,7,,1,,,,Bass ( BB ) 
Memories_of_Tomorrow.MID,7,,1,,,,Bass ( BB ) 
Milenberg_Joys.MID,7,,,,,,Piano ( BB )
Mojave.MID,7,,1,,,,Bass ( BB ) 
Moment_notice.MID,7,,1,,,,Bass ( BB ) 
Moonglow.MID,7,,1,,,,Bass ( BB ) 
Moonlight_Cocktails.MID,7,,1,,,,Bass ( BB ) 
Moonlight_In_Vermont.MID,7,,1,,,,Bass ( BB ) 
Moonlight_On_The_Ganges.MID,7,,1,,,,Bass ( BB ) 
Moonlight_Serenade.MID,7,,1,,,,Bass ( BB ) 
More_I_See_You_The.MID,7,,1,,,,Bass ( BB ) 
More_Today_Than_Yesterday.MID,7,,1,,,,Bass ( BB ) 
My_Foolish_Heart.MID,7,,1,,,,Bass ( BB ) 
My_Heart_Sings.MID,7,,1,,,,Bass ( BB ) 
My_Melancholy_Baby.MID,7,,1,,,,Bass ( BB ) 
My_funny_Valentine.MID,7,,1,,,,Bass ( BB ) 
My_son_calls_an_other_man_d.MID,7,,1,,,,Bass ( BB ) 
NAIMA.MID,7,,1,,,,Bass ( BB ) 
NATURE_BOY.MID,7,,1,,,,Bass ( BB ) 
NEARNESS_OF_YOU_THE.MID,7,,1,,,,Bass ( BB ) 
NEFERTITI.MID,7,,1,,,,Bass ( BB ) 
NEVER_ON_A_SUNDAY.MID,7,,1,,,,Bass ( BB ) 
NICAS_DREAM.MID,7,,1,,,,Bass ( BB ) 
NIGHT_DREAMER.MID,7,,1,,,,Bass ( BB ) 
NORWEGIAN_WOOD.MID,7,,1,,,,Bass ( BB ) 
NOT_TO_WORRY.MID,7,,1,,,,Bass ( BB ) 
NOW_IS_THE_HOUR.MID,7,,1,,,,Bass ( BB ) 
NO_MOON_AT_ALL.MID,7,,1,,,,Bass ( BB ) 
Nancy.MID,7,,1,,,,Bass ( BB ) 
Nardis.MID,7,,1,,,,Bass ( BB ) 
Nice_Work_if_you_Can_get_it.MID,7,,1,,,,Bass ( BB ) 
Night_Has_A_THousand_Eyes.MID,7,,1,,,,Bass ( BB ) 
Night_and_Day.MID,7,,1,,,,Bass ( BB ) 
Night_of_white_satin.MID,7,,1,,,,Bass ( BB ) 
Nikita.MID,7,,1,,,,Bass ( BB ) 
No_fumes_mas.MID,7,,1,,,,Bass ( BB ) 
Nobodys_sweetheart.MID,7,,1,,,,Bass ( BB ) 
Not_Ethiopia.MID,7,,1,,,,Bass ( BB ) 
OB_LA_DI_OB_LA.MID,7,,1,,,,Bass ( BB ) 
OFF_MINOR.MID,7,,1,,,,Bass ( BB ) 
OH_WHAT_A_BEAUTIFUL_MORNIN.MID,7,,1,,,,Bass ( BB ) 
OH_YES.MID,7,,1,,,,Bass ( BB ) 
OH_YOU_BEUTIFUL_DOLL.MID,7,,1,,,,Bass ( BB ) 
OLEO.MID,7,,1,,,,Bass ( BB ) 
ONCE_IN_A_WHILE.MID,7,,1,,,,Bass ( BB ) 
ONCE_I_LOVED.MID,7,,1,,,,Bass ( BB ) 
ONCE_UPON_A_SUMMERTIME.MID,7,,1,,,,Bass ( BB ) 
ONE_BY_ONE.MID,7,,1,,,,Bass ( BB ) 
ONE_NOTE_SAMBA.MID,7,,1,,,,Bass ( BB ) 
ON_A_CLEAR_DAY.MID,7,,1,,,,Bass ( BB ) 
ON_A_SLOW_BOAT_TO_CHINA.MID,7,,1,,,,Bass ( BB ) 
ON_BROADWAY.MID,7,,1,,,,Bass ( BB ) 
ON_THE_STREET_WHERE_YOU_LIV.MID,7,,1,,,,Bass ( BB ) 
OPEN_THE_SHOW.MID,7,,1,,,,Bass ( BB ) 
OPEN_YOUR_EYES_YOU_CAN_FLY.MID,7,,1,,,,Bass ( BB ) 
OPUS_ONE.MID,7,,1,,,,Bass ( BB ) 
ORNITHOLOGY.MID,7,,1,,,,Bass ( BB ) 
OTTAWA_EXHIBITION_64.MID,7,,1,,,,Bass ( BB ) 
OUT_OF_NOWHERE.MID,7,,1,,,,Bass ( BB ) 
Ob_La_Di_Ob_La_Di_The_Beat.MID,7,,1,,,,Bass ( BB ) 
Ol_man_river_Kern.MID,7,,1,,,,Bass ( BB ) 
Old_Fashioned_way.MID,7,,1,,,,Bass ( BB ) 
Old_Father_Thames.MID,7,,1,,,,Bass ( BB ) 
On_the_sunny_Side_of_the_St.MID,7,,1,,,,Bass ( BB ) 
One_Of_Us_Joan_Osborne.MID,7,,1,,,,Bass ( BB ) 
One_Song_Morey_Churchill.MID,7,,1,,,,Bass ( BB ) 
Our_Love_is_Here_to_Stay.MID,7,,1,,,,Bass ( BB ) 
PALLADIUM_Try_a_SYNTH_pat.MID,7,,1,,,,Bass ( BB ) 
PANNONICA.MID,7,,1,,,,Bass ( BB ) 
PAPER_MOON_ITS_ONLY_A.MID,7,,1,,,,Bass ( BB ) 
PAS_DE_TRISTESSE_POUR_MOI.MID,7,,1,,,,Bass ( BB ) 
PEACE.MID,7,,1,,,,Bass ( BB ) 
PENNIES_FROM_HEAVEN.MID,7,,1,,,,Bass ( BB ) 
PENNY_LANE.MID,7,,1,,,,Bass ( BB ) 
PENSATIVA.MID,7,,1,,,,Bass ( BB ) 
PERDIDO.MID,7,,1,,,,Bass ( BB ) 
PERIS_SCOPE.MID,7,,1,,,,Bass ( BB ) 
PERPETUAL_MOTION_Good_chop.MID,7,,1,,,,Bass ( BB ) 
PICK_YOURSELF_UP.MID,7,,1,,,,Bass ( BB ) 
PLAYED_TWICE.MID,7,,1,,,,Bass ( BB ) 
POINCIANA.MID,7,,1,,,,Bass ( BB ) 
POLKA_DOTS_AND_MOONBEAMS.MID,7,,1,,,,Bass ( BB ) 
POLKA_DOTS_AND_MOONBEAMS_B.MID,7,,1,,,,Bass ( BB ) 
PORTRAIT_OF_JENNIE.MID,7,,1,,,,Bass ( BB ) 
PRELUDE_TO_A_KISS.MID,7,,1,,,,Bass ( BB ) 
PROUD_MARY.MID,7,,1,,,,Bass ( BB ) 
PUT_ON_A_HAPPY_FACE.MID,7,,1,,,,Bass ( BB ) 
Pee_Wee_Tony_Williams.MID,7,,1,,,,Bass ( BB ) 
Peel_Me_A_Grape.MID,7,,1,,,,Bass ( BB ) 
Pennies_From_Heaven.MID,7,,1,,,,Bass ( BB ) 
Pepe.MID,7,,1,,,,Bass ( BB ) 
Perfidia.MID,11,,1,,,,Bass ( BB ) 
Poor_Butterfly.MID,7,,1,,,,Bass ( BB ) 
Power_Choralerna.MID,7,,1,,,,Bass ( BB ) 
Prelude.MID,7,,1,,,,Bass ( BB ) 
QUIET_NOW.MID,7,,1,,,,Bass ( BB ) 
QUI_ES_TU.MID,7,,1,,,,Bass ( BB ) 
RAKE_THE_LEAVES.MID,7,,1,,,,Bass ( BB ) 
RECADO_BOSSA_NOVA.MID,7,,1,,,,Bass ( BB ) 
RED_SAILS_IN_THE_SUNSET.MID,7,,1,,,,Bass ( BB ) 
RED_TOP.MID,7,,1,,,,Bass ( BB ) 
REFLECTIONS.MID,7,,1,,,,Bass ( BB ) 
RHYTHM_A_NING.MID,7,,1,,,,Bass ( BB ) 
RIVERBOAT.MID,7,,1,,,,Bass ( BB ) 
ROCKIN_ROBIN.MID,7,,1,,,,Bass ( BB ) 
ROCK_AROUND_THE_CLOCK.MID,7,,1,,,,Bass ( BB ) 
RODGERS_HART_COLLAGE_Om.MID,7,,1,,,,Bass ( BB ) 
ROSETTA.MID,7,,1,,,,Bass ( BB ) 
ROUND_MIDNIGHT.MID,7,,1,,,,Bass ( BB ) 
ROUTE_66.MID,7,,1,,,,Bass ( BB ) 
RUBY_MY_DEAR.MID,7,,1,,,,Bass ( BB ) 
Radar_Love_Golden_Earrin.MID,7,,1,,,,Bass ( BB ) 
Recado.MID,15,,1,,,,Bass ( BB ) 
Recorda_Me_Joe_Henderson.MID,7,,1,,,,Bass ( BB ) 
Red_roses_for_a_blue_lady.MID,7,,1,,,,Bass ( BB ) 
Riders_On_The_Storm_The_Do.MID,7,,1,,,,Bass ( BB ) 
Rose_Room.MID,7,,1,,,,Bass ( BB ) 
Round_Midnight.MID,7,,1,,,,Bass ( BB ) 
SAMBA_BEAT.MID,7,,1,,,,Bass ( BB ) 
SCARBOROUGH_FAIR.MID,7,,1,,,,Bass ( BB ) 
SCRAPPLE_FROM_THE_APPLE.MID,7,,1,,,,Bass ( BB ) 
SECOND_HAND_ROSE.MID,7,,1,,,,Bass ( BB ) 
SENTIMENTAL_JOURNEY.MID,7,,1,,,,Bass ( BB ) 
SEPTEMBER_SONG.MID,7,,1,,,,Bass ( BB ) 
SETTING_YOUR_SIGHTS.MID,7,,1,,,,Bass ( BB ) 
SHE_LOVES_YOU.MID,7,,1,,,,Bass ( BB ) 
SHINY_STOCKINGS.MID,7,,1,,,,Bass ( BB ) 
SIDE_BY_SIDE.MID,7,,1,,,,Bass ( BB ) 
SINCERLY.MID,7,,1,,,,Bass ( BB ) 
SINCE_I_FELL_FOR_YOU.MID,7,,1,,,,Bass ( BB ) 
SMALL_HOTEL_THERES_A.MID,7,,1,,,,Bass ( BB ) 
SMOKE_GETS_IN_YOUR_EYES.MID,7,,1,,,,Bass ( BB ) 
SOFTLY_AS_IN_A_MORNING_SUNR.MID,7,,1,,,,Bass ( BB ) 
SOLAR.MID,7,,1,,,,Bass ( BB ) 
SOLITUDE.MID,7,,1,,,,Bass ( BB ) 
SOMEDAY_YOULL_BE_SORRY.MID,7,,1,,,,Bass ( BB ) 
SOMETIMES_WHEN_WE_TOUCH.MID,7,,1,,,,Bass ( BB ) 
SOME_OTHER_TIME.MID,7,,1,,,,Bass ( BB ) 
SOPHISTICATED_LADY.MID,7,,1,,,,Bass ( BB ) 
SOUL_EYES.MID,7,,1,,,,Bass ( BB ) 
SO_WHAT.MID,7,,1,,,,Bass ( BB ) 
SPEAK_LOW.MID,7,,1,,,,Bass ( BB ) 
SPEAK_NO_EVIL.MID,7,,1,,,,Bass ( BB ) 
SPOSIN.MID,7,,1,,,,Bass ( BB ) 
SPRING_IS_HERE.MID,7,,1,,,,Bass ( BB ) 
STABLEMATES.MID,7,,1,,,,Bass ( BB ) 
STARDUST_with_Verse.MID,7,,1,,,,Bass ( BB ) 
STAR_CROSSED_LOVERS.MID,7,,1,,,,Bass ( BB ) 
STAR_EYES.MID,7,,1,,,,Bass ( BB ) 
STELLA_BY_STARLIGHT.MID,7,,1,,,,Bass ( BB ) 
STOLEN_MOMENTS.MID,7,,1,,,,Bass ( BB ) 
STOMPIN_AT_THE_SAVOY.MID,7,,1,,,,Bass ( BB ) 
STORMY_WEATHER.MID,7,,1,,,,Bass ( BB ) 
STRAIGHT_NO_CHASER.MID,7,,1,,,,Bass ( BB ) 
STRANGE.MID,7,,1,,,,Bass ( BB ) 
STRANGERS_IN_THE_NIGHT.MID,7,,1,,,,Bass ( BB ) 
SUMMERTIME.MID,7,,1,,,,Bass ( BB ) 
SUNSET_MOOD.MID,7,,1,,,,Bass ( BB ) 
SWEET_DREAMS.MID,7,,1,,,,Bass ( BB ) 
SWINGIN_SHEPHERD_BLUES.MID,7,,1,,,,Bass ( BB ) 
SWonderful.MID,7,,1,,,,Bass ( BB ) 
S_O_N_G_S.MID,7,,1,,,,Bass ( BB ) 
Sack_of_Woe.MID,7,,1,,,,Bass ( BB ) 
Satin_Doll.MID,7,,1,,,,Bass ( BB ) 
Saving_All_my_Love_for_You.MID,7,,1,,,,Bass ( BB ) 
Scotch_and_Soda.MID,7,,1,,,,Bass ( BB ) 
Searchin_My_Soul_Ally.MID,10,,1,,,,Bass ( BB ) 
Sebastian.MID,7,,1,,,,Bass ( BB ) 
Sentimental_Journey.MID,7,,1,,,,Bass ( BB ) 
September_in_the_Rain.MID,7,,1,,,,Bass ( BB ) 
Shadow_of_Your_Smile_The.MID,7,,1,,,,Bass ( BB ) 
Shes_Funny_That_Way.MID,7,,1,,,,Bass ( BB ) 
Slow_Hot_Wind.MID,7,,1,,,,Bass ( BB ) 
Some_Day_My_Prince_Will_Com.MID,7,,1,,,,Bass ( BB ) 
Somebody_Loves_Me.MID,7,,1,,,,Bass ( BB ) 
Someday_my_prince_will_come.MID,7,,1,,,,Bass ( BB ) 
Somewhere_over_the_rainbow.MID,7,,1,,,,Bass ( BB ) 
Splanky.MID,20,,1,,,,Bass ( BB ) 
St._Louis_Blues_W.C.Han.MID,7,,1,,,,Bass ( BB ) 
Stairway_to_Heaven_Led_Zep.MID,7,,1,,,,Bass ( BB ) 
Steves_sauce.MID,7,,1,,,,Bass ( BB ) 
Stevie.MID,7,,1,,,,Bass ( BB ) 
Straight_No_Chaser.MID,7,,1,,,,Bass ( BB ) 
Sugar.MID,12,,1,,,,Bass ( BB ) 
Sultry_serenade.MID,7,,1,,,,Bass ( BB ) 
Sumer_Set_Collet_Bilk.MID,7,,1,,,,Bass ( BB ) 
Sunrise_Serenade.MID,7,,1,,,,Bass ( BB ) 
Sweet_Georgie_Fame.MID,7,,1,,,,Bass ( BB ) 
Sweet_Lorraine.MID,7,,1,,,,Bass ( BB ) 
Sweet_Transvestite.MID,7,,1,,,,Bass ( BB ) 
Swinging_Shepherd_Blues.MID,7,,1,,,,Bass ( BB ) 
Symphony_Sid.MID,7,,1,,,,Bass ( BB ) 
TANGERINE.MID,7,,1,,,,Bass ( BB ) 
TA_TA_TANGO.MID,7,,1,,,,Bass ( BB ) 
TENDERLY.MID,7,,1,,,,Bass ( BB ) 
THATS_FOR_YOU.MID,7,,1,,,,Bass ( BB ) 
THERE_IS_NO_GREATER_LOVE.MID,7,,1,,,,Bass ( BB ) 
THEY_ALL_LAUGHED.MID,7,,1,,,,Bass ( BB ) 
THE_ANGELS.MID,7,,1,,,,Bass ( BB ) 
THE_BEE_Copyrite_1997_by.MID,7,,1,,,,Bass ( BB ) 
THE_DOLPHIN.MID,7,,1,,,,Bass ( BB ) 
THE_DUKE.MID,7,,1,,,,Bass ( BB ) 
THE_GODFATHER.MID,7,,1,,,,Bass ( BB ) 
THE_HORIZON_OF_MY_DREAM.MID,7,,1,,,,Bass ( BB ) 
THE_NEARNESS_OF_YOU.MID,7,,1,,,,Bass ( BB ) 
THE_PARTYS_OVER.MID,7,,1,,,,Bass ( BB ) 
THE_REASON_IS_THE_SEASON.MID,7,,1,,,,Bass ( BB ) 
THE_RISING_WALTZ.MID,7,,1,,,,Bass ( BB ) 
THE_SHEIK_OF_ARABY.MID,7,,1,,,,Bass ( BB ) 
THE_WIND.MID,7,,1,,,,Bass ( BB ) 
THINK_OF_ONE.MID,7,,1,,,,Bass ( BB ) 
THIS_GUYS_IN_LOVE_WITH_YOU.MID,7,,1,,,,Bass ( BB ) 
THOUGHTS_OF_YOU.MID,7,,1,,,,Bass ( BB ) 
TIE_A_YELLOW_RIBBON.MID,7,,1,,,,Bass ( BB ) 
TILL_THERE_WAS_YOU.MID,7,,1,,,,Bass ( BB ) 
TIME_AFTER_TIME.MID,7,,1,,,,Bass ( BB ) 
TOO_LATE_BABY_ITS.MID,7,,1,,,,Bass ( BB ) 
TOTAL_ECLIPSE_OF_THE_HEART.MID,7,,1,,,,Bass ( BB ) 
TOUCH_OF_YOUR_LIPS.MID,7,,1,,,,Bass ( BB ) 
TRUE_LOVE.MID,7,,1,,,,Bass ( BB ) 
Take_Five.MID,7,,1,,,,Bass ( BB ) 
Take_the_A_Train.MID,7,,1,,,,Bass ( BB ) 
Talk_of_the_Town.MID,7,,1,,,,Bass ( BB ) 
Tears_in_Heaven.MID,7,,1,,,,Bass ( BB ) 
That_old_feeling.MID,7,,1,,,,Bass ( BB ) 
Thats_Life.MID,7,,1,,,,Bass ( BB ) 
The_Best_Is_Yet_To_Come.MID,7,,1,,,,Bass ( BB ) 
The_Best_Is_Yet_To_Come_B.MID,7,,1,,,,Bass ( BB ) 
The_Best_Things_In_Life_A.MID,7,,1,,,,Bass ( BB ) 
The_End_Of_The_World.MID,7,,1,,,,Bass ( BB ) 
The_Entertainer_Rag_Joplin.MID,7,,1,,,,Bass ( BB ) 
The_Flintstones_Guy_Lebui.MID,7,,1,,,,Bass ( BB ) 
The_Good_Life.MID,7,,1,,,,Bass ( BB ) 
The_Gypsy.MID,7,,1,,,,Bass ( BB ) 
The_Lady_Is_A_Tramp.MID,7,,1,,,,Bass ( BB ) 
The_Letter_Boxtops_Joe.MID,7,,1,,,,Bass ( BB ) 
The_Night_Has_A_Thousand_Ey.MID,7,,1,,,,Bass ( BB ) 
The_Rose.MID,7,,1,,,,Bass ( BB ) 
The_Shadow_of_Your_Smile.MID,7,,1,,,,Bass ( BB ) 
The_Surrey_With_The_Fring.MID,7,,1,,,,Bass ( BB ) 
The_Way_Fastball.MID,10,,1,,,,Bass ( BB ) 
The_Way_You_Look_Tonight.MID,7,,1,,,,Bass ( BB ) 
Theres_A_Tear_In_My_Beer.MID,7,,1,,,,Bass ( BB ) 
They_Cant_Take_That_Away_F.MID,7,,1,,,,Bass ( BB ) 
Things.MID,7,,1,,,,Bass ( BB ) 
Till_then.MID,7,,1,,,,Bass ( BB ) 
Time_Remembered.MID,7,,1,,,,Bass ( BB ) 
Triste.MID,9,,1,,,,Bass ( BB ) 
Trubbel_Olle_Adolphsson.MID,7,,1,,,,Bass ( BB ) 
Tune_Up.MID,7,,1,,,,Bass ( BB ) 
Two_sleepy_people.MID,7,,1,,,,Bass ( BB ) 
UGETSU.MID,7,,1,,,,Bass ( BB ) 
UNDER_THE_BOARDWALK.MID,7,,1,,,,Bass ( BB ) 
UNE_CHANSONETTE_OPEN_THE_S.MID,7,,1,,,,Bass ( BB ) 
UNITY_VILLAGE_Excercise_#6.MID,7,,1,,,,Bass ( BB ) 
UNIT_SEVEN.MID,7,,1,,,,Bass ( BB ) 
Undecided.MID,7,,1,,,,Bass ( BB ) 
Unforgettable.MID,7,,1,,,,Bass ( BB ) 
Until_The_Real_Thing_Come.MID,7,,1,,,,Bass ( BB ) 
Untitled.MID,7,,1,,,,Bass ( BB ) 
Up_Jumped_Spring.MID,7,,1,,,,Bass ( BB ) 
VAYA_CON_DIOS.MID,7,,1,,,,Bass ( BB ) 
Venutian_Rhythm.MID,7,,1,,,,Bass ( BB ) 
WALKIN_AFTER_MIDNIGHT.MID,7,,1,,,,Bass ( BB ) 
WAVE.MID,7,,1,,,,Bass ( BB ) 
WELL_BE_TOGETHER_AGAIN.MID,7,,1,,,,Bass ( BB ) 
WELL_YOU_NEEDNT.MID,7,,1,,,,Bass ( BB ) 
WERE_GOING_ON_A_TOUR.MID,7,,1,,,,Bass ( BB ) 
WE_ARE_THE_PEOPLE.MID,7,,1,,,,Bass ( BB ) 
WE_SAID_IT_WAS_FOREVER.MID,7,,1,,,,Bass ( BB ) 
WHATS_NEW.MID,7,,1,,,,Bass ( BB ) 
WHAT_AM_I_DOIN_HERE_TO_NIG.MID,7,,1,,,,Bass ( BB ) 
WHAT_AM_I_HERE_FOR.MID,7,,1,,,,Bass ( BB ) 
WHEN.MID,7,,1,,,,Bass ( BB ) 
WHEN_I_FALL_IN_LOVE.MID,7,,1,,,,Bass ( BB ) 
WHEN_SUNNY_GETS_BLUE.MID,7,,1,,,,Bass ( BB ) 
WHEN_YOURE_SMILING.MID,7,,1,,,,Bass ( BB ) 
WHEN_YOU_LOOK_AT_ME.MID,7,,1,,,,Bass ( BB ) 
WHERE_IS_MY_LOVE.MID,7,,1,,,,Bass ( BB ) 
WHO_ARE_YOU.MID,7,,1,,,,Bass ( BB ) 
WHO_WHAT_WHY.MID,7,,1,,,,Bass ( BB ) 
WHY_DID_HAVE_TO_FIND_ROMANC.MID,7,,1,,,,Bass ( BB ) 
WHY_DO_FOOLS_FALL_IN_LOVE.MID,7,,1,,,,Bass ( BB ) 
WINNIPEG.MID,7,,1,,,,Bass ( BB ) 
WINTERLUDE.MID,7,,1,,,,Bass ( BB ) 
WRY_ON_THE_ROCKS.MID,7,,1,,,,Bass ( BB ) 
Waar_de_blanke_top.MID,7,,1,,,,Bass ( BB ) 
Walk_on_by.MID,7,,1,,,,Bass ( BB ) 
What_A_Diffrence_A_Day_M.MID,7,,1,,,,Bass ( BB ) 
What_Are_You_Doing_the_Rest.MID,7,,1,,,,Bass ( BB ) 
What_Kind_Of_Fool_Am_I.MID,7,,1,,,,Bass ( BB ) 
What_a_Diffrenze_a_Day_Mad.MID,7,,1,,,,Bass ( BB ) 
When_You_Wish_Upon_A_Star.MID,7,,1,,,,Bass ( BB ) 
When_Youre_Smilin.MID,7,,1,,,,Bass ( BB ) 
When_its_sleepy_time_down.MID,7,,1,,,,Bass ( BB ) 
When_your_lover_has_gone.MID,7,,1,,,,Bass ( BB ) 
Where_Are_You.MID,11,,1,,,,Bass ( BB ) 
Where_or_When_note_ch.MID,7,,1,,,,Bass ( BB ) 
Whisper_not.MID,7,,1,,,,Bass ( BB ) 
Who_Can_I_Turn_To.MID,7,,1,,,,Bass ( BB ) 
Willow_Weep_For_Me.MID,7,,1,,,,Bass ( BB ) 
Wind_Beneath_My_Wings.MID,7,,1,,,,Bass ( BB ) 
Witchcraft.MID,7,,1,,,,Bass ( BB ) 
Without_You_Maria_Carey.MID,11,,1,,,,Bass ( BB ) 
Wouldnt_It_Be_Loverly.MID,7,,1,,,,Bass ( BB ) 
Wrap_your_trubbels_in_dream.MID,7,,1,,,,Bass ( BB ) 
XMAS_TIME.MID,7,,1,,,,Bass ( BB ) 
YESTERDAYS.MID,7,,1,,,,Bass ( BB ) 
YESTERDAY_IS_GONE.MID,7,,1,,,,Bass ( BB ) 
YOUNGER_THAN_I.MID,7,,1,,,,Bass ( BB ) 
YOURE_BREAKING_MY_HEART.MID,7,,1,,,,Bass ( BB ) 
YOUR_MAMA_DONT_DANCE.MID,7,,1,,,,Bass ( BB ) 
YOUVE_CHANGED.MID,7,,1,,,,Bass ( BB ) 
YOU_ARE_TOO_BEAUTIFUL.MID,7,,1,,,,Bass ( BB ) 
YOU_DONT_KNOW_ME.MID,7,,1,,,,Bass ( BB ) 
YOU_DONT_KNOW_WHAT_LOVE_IS.MID,7,,1,,,,Bass ( BB ) 
YOU_GOT_US.MID,7,,1,,,,Bass ( BB ) 
YOU_MAKE_ME_FEEL_LIKE_DANCI.MID,7,,1,,,,Bass ( BB ) 
YOU_SEND_ME.MID,7,,1,,,,Bass ( BB ) 
YOU_TOOK_ADVANTAGE_OF_ME.MID,7,,1,,,,Bass ( BB ) 
Year_Of_The_Cat.MID,7,,1,,,,Bass ( BB ) 
Yesterdays_Kern.MID,7,,1,,,,Bass ( BB ) 
You_Came_A_Long_Way_From.MID,7,,1,,,,Bass ( BB ) 
You_Win_Again.MID,7,,1,,,,Bass ( BB ) 
You_brought_a_new_kind_of_l.MID,7,,1,,,,Bass ( BB ) 
Your_Cheatin_Heart.MID,7,,1,,,,Bass ( BB ) 
Youre_The_Cream_In_My_Co.MID,7,,1,,,,Bass ( BB ) 
Youre_nobody_til_somebody.MID,7,,1,,,,Bass ( BB ) 
Youve_Got_A_Friend.MID,7,,1,,,,Bass ( BB ) 
au_privave_arranged_by_geo.MID,7,,1,,,,Bass ( BB ) 
confirmation_omni_parker_s.MID,7,,1,,,,Bass ( BB ) 
ellen.MID,7,,1,,,,Bass ( BB ) 
funk_dumplin_see_memo.MID,7,,1,,,,Bass ( BB ) 
make_me_a_memory_grover_w.MID,7,,1,,,,Bass ( BB ) 
mercy_mercy_mercy.MID,7,,1,,,,Bass ( BB ) 
prism_SE.MID,7,,1,,,,Bass ( BB ) 
sedih.MID,7,,1,,,,Bass ( BB ) 
this_masqerade_with_benson.MID,7,,1,,,,Bass ( BB ) 
wonderful_land.MID,7,,1,,,,Bass ( BB ) 
